date,funding7d_pct,gls,top_ls,taker_ls,oi_pctl_90d,fng,close
2021-12-01,0.2838,2.162,0.982,1.367,,34,4586.66
2021-12-02,0.2587,2.713,0.973,0.571,,32,4514.32
2021-12-03,0.228,3.618,0.951,0.983,,31,4213.66
2021-12-04,0.2246,2.575,0.944,1.957,,25,4115.79
2021-12-05,0.2246,1.946,0.967,1.062,,18,4197.53
2021-12-06,0.2246,1.657,0.933,1.05,,16,4345.2
2021-12-07,0.2125,1.565,0.943,1.258,,25,4305.82
2021-12-08,0.2062,1.415,0.936,2.374,,28,4435.33
2021-12-09,0.2062,2.004,0.915,0.315,,29,4103.8
2021-12-10,0.1926,2.362,0.93,0.693,,24,3895.95
2021-12-11,0.1947,2.137,0.924,1.038,,16,4089.81
2021-12-12,0.1947,1.953,0.92,1.131,,27,4129.0
2021-12-13,0.1729,2.373,0.898,1.766,,28,3780.63
2021-12-14,0.1606,2.234,0.915,1.572,,21,3856.66
2021-12-15,0.1606,1.672,0.952,1.367,,28,4019.01
2021-12-16,0.1538,1.856,0.934,0.923,,29,3958.67
2021-12-17,0.1649,2.16,0.895,1.187,,23,3873.93
2021-12-18,0.1616,1.945,0.914,0.519,,24,3957.64
2021-12-19,0.1559,2.067,0.918,0.927,,29,3922.51
2021-12-20,0.1777,1.845,0.909,0.524,,25,3943.48
2021-12-21,0.193,1.703,0.963,0.502,,27,4014.38
2021-12-22,0.193,1.961,0.952,0.843,,45,3978.62
2021-12-23,0.1932,1.772,0.988,2.493,,34,4111.3
2021-12-24,0.1932,2.184,0.958,1.254,,41,4045.0
2021-12-25,0.1977,2.081,0.963,1.035,,39,4093.87
2021-12-26,0.2034,2.296,0.933,1.454,,37,4062.24
2021-12-27,0.2034,2.601,0.927,0.424,,40,4037.36
2021-12-28,0.1899,3.184,0.903,0.434,,41,3791.99
2021-12-29,0.1848,3.252,0.903,0.849,,27,3628.55
2021-12-30,0.1799,3.055,0.902,0.957,,22,3708.37
2021-12-31,0.1677,,,,,28,3676.02
2022-01-01,0.1677,,,,,21,3763.06
2022-01-02,0.1505,,,,,29,3826.21
2022-01-03,0.14,,,,,29,3764.07
2022-01-04,0.1535,,,,,23,3785.6
2022-01-05,0.1586,,,,,24,3537.71
2022-01-06,0.1598,,,,,15,3404.6
2022-01-07,0.1639,,,,,18,3196.58
2022-01-08,0.1639,,,,,10,3080.03
2022-01-09,0.1593,,,,,23,3150.0
2022-01-10,0.1205,,,,,23,3081.31
2022-01-11,0.1094,,,,,21,3236.86
2022-01-12,0.0608,,,,,22,3369.93
2022-01-13,0.0473,,,,,21,3240.36
2022-01-14,0.0441,,,,,21,3305.6
2022-01-15,0.0437,,,,,23,3324.05
2022-01-16,0.0561,,,,,21,3345.49
2022-01-17,0.0764,,,,,22,3208.61
2022-01-18,0.0787,,,,,24,3159.32
2022-01-19,0.1156,2.501,,,,24,3082.81
2022-01-20,0.1394,3.047,,,,24,2999.92
2022-01-21,0.1224,2.304,,,,19,2566.91
2022-01-22,0.1192,1.938,,,,13,2410.96
2022-01-23,0.0901,1.956,,,,11,2538.41
2022-01-24,0.0974,1.582,,,,13,2438.13
2022-01-25,0.0758,1.511,,,,12,2457.37
2022-01-26,0.0255,1.745,,,,23,2461.61
2022-01-27,-0.0247,1.91,,,,20,2422.61
2022-01-28,-0.0432,1.366,,,,24,2543.34
2022-01-29,-0.0615,1.368,,,,24,2599.94
2022-01-30,-0.0537,1.299,0.943,1.314,,29,2600.45
2022-01-31,-0.0686,1.173,,,,20,2685.34
2022-02-01,-0.0894,1.084,,,,26,2786.38
2022-02-02,-0.0632,1.437,,,,28,2678.0
2022-02-03,-0.0948,1.283,,,,20,2694.37
2022-02-04,-0.0492,0.967,,,,20,2993.65
2022-02-05,-0.0355,0.991,,,,33,3011.59
2022-02-06,-0.0048,1.13,,,,37,3054.26
2022-02-07,0.0108,1.231,,,,45,3138.55
2022-02-08,0.0512,1.378,,,,48,3115.23
2022-02-09,0.074,1.159,,,,54,3241.82
2022-02-10,0.1217,1.491,,,,50,3070.9
2022-02-11,0.0868,1.654,,,,50,2926.04
2022-02-12,0.095,1.627,,,,44,2916.93
2022-02-13,0.07,1.715,,,,44,2870.32
2022-02-14,0.0866,1.512,,,,46,2928.87
2022-02-15,0.0741,1.35,,,,46,3183.73
2022-02-16,0.0872,1.531,,,,51,3121.8
2022-02-17,0.1077,1.9,,,,52,2890.8
2022-02-18,0.1042,1.915,,,,30,2778.46
2022-02-19,0.0961,1.962,,,,25,2761.89
2022-02-20,0.0965,1.866,,,,27,2620.72
2022-02-21,0.071,1.836,,,,25,2566.88
2022-02-22,0.0673,1.649,,,,20,2635.57
2022-02-23,0.0389,1.871,,,,25,2578.02
2022-02-24,0.0117,1.541,,,,23,2595.47
2022-02-25,0.0513,1.375,,,,27,2766.36
2022-02-26,0.0593,1.354,,,,26,2778.15
2022-02-27,0.0745,1.678,,,,26,2615.99
2022-02-28,0.056,1.339,,,52.2,20,2920.1
2022-03-01,0.0828,1.326,,,71.1,51,2975.61
2022-03-02,0.1112,1.345,,,68.9,52,2947.47
2022-03-03,0.152,1.756,,,65.6,39,2832.97
2022-03-04,0.152,1.943,,,37.8,33,2620.25
2022-03-05,0.1318,2.057,,,40.0,22,2663.55
2022-03-06,0.1156,2.041,,,32.2,22,2549.37
2022-03-07,0.1456,2.149,,,1.1,23,2489.9
2022-03-08,0.1256,1.826,,,30.0,21,2575.49
2022-03-09,0.1218,1.589,,,40.0,22,2726.37
2022-03-10,0.1035,1.91,,,26.7,28,2605.44
2022-03-11,0.0783,2.047,,,25.6,22,2555.89
2022-03-12,0.0898,1.941,,,26.7,22,2567.64
2022-03-13,0.0949,2.173,,,27.8,21,2514.07
2022-03-14,0.093,2.039,,,31.1,23,2588.96
2022-03-15,0.0878,1.65,,,42.2,21,2617.29
2022-03-16,0.0861,1.349,,,57.8,24,2772.78
2022-03-17,0.1045,1.167,,,68.9,27,2810.74
2022-03-18,0.1202,1.038,,,78.9,25,2938.02
2022-03-19,0.129,1.063,,,77.8,28,2950.0
2022-03-20,0.1495,1.284,,,63.3,31,2860.47
2022-03-21,0.1699,1.325,,,75.6,30,2889.08
2022-03-22,0.1951,1.266,,,86.7,26,2968.49
2022-03-23,0.1855,1.279,,,77.8,31,3035.55
2022-03-24,0.1737,0.974,,,98.9,40,3109.89
2022-03-25,0.1831,1.074,,,90.0,47,3101.37
2022-03-26,0.1781,1.074,,,93.3,51,3143.47
2022-03-27,0.1547,0.985,,,100.0,49,3295.01
2022-03-28,0.1547,1.017,,,97.8,60,3333.62
2022-03-29,0.153,1.135,,,94.4,56,3399.0
2022-03-30,0.168,1.226,,,90.0,55,3385.1
2022-03-31,0.1798,1.251,,,86.7,52,3281.43
2022-04-01,0.1798,1.139,,,92.2,50,3454.33
2022-04-02,0.1849,1.129,,,91.1,52,3443.07
2022-04-03,0.2083,1.185,,,100.0,48,3520.76
2022-04-04,0.2012,1.162,,,97.8,52,3518.96
2022-04-05,0.2009,1.45,,,93.3,53,3405.04
2022-04-06,0.1719,1.633,,,74.4,48,3166.78
2022-04-07,0.1454,1.663,,,74.4,34,3225.15
2022-04-08,0.1122,1.464,,,78.9,37,3191.26
2022-04-09,0.1122,1.384,,,82.2,30,3257.53
2022-04-10,0.1082,1.497,,,80.0,34,3200.24
2022-04-11,0.11,1.667,,,52.2,32,2978.69
2022-04-12,0.0586,1.847,,,56.7,20,3026.3
2022-04-13,0.0417,1.611,,,68.9,25,3116.45
2022-04-14,0.0385,1.848,,,65.6,28,3019.82
2022-04-15,0.0254,1.813,,,66.7,22,3039.19
2022-04-16,-0.0231,1.781,,,66.7,28,3057.99
2022-04-17,-0.0501,1.854,,,57.8,28,2986.03
2022-04-18,-0.0976,1.7,,,60.0,24,3054.02
2022-04-19,-0.0595,1.776,,,70.0,27,3100.42
2022-04-20,-0.0271,1.848,,,51.1,27,3074.01
2022-04-21,-0.051,2.155,,,54.4,27,2981.31
2022-04-22,-0.0665,2.358,,,64.4,26,2960.38
2022-04-23,-0.0628,2.4,,,62.2,24,2930.28
2022-04-24,-0.0762,2.503,,,63.3,24,2918.97
2022-04-25,-0.0866,2.021,,,63.3,23,3006.11
2022-04-26,-0.0763,2.339,,,42.2,27,2807.88
2022-04-27,-0.1302,1.957,,,43.3,21,2887.57
2022-04-28,-0.1041,1.739,,,38.9,24,2935.39
2022-04-29,-0.0478,2.242,,,36.7,23,2815.37
2022-04-30,-0.0527,2.201,,,35.6,20,2725.1
2022-05-01,-0.0661,2.054,0.894,,35.6,22,2823.38
2022-05-02,-0.0359,1.724,,,35.6,28,2855.16
2022-05-03,-0.0369,2.061,,,31.1,27,2780.91
2022-05-04,0.0296,1.725,,,38.9,21,2939.76
2022-05-05,0.0571,2.658,,,32.2,27,2746.37
2022-05-06,0.0226,2.595,,,28.9,22,2691.59
2022-05-07,0.0655,2.622,,,26.7,23,2634.82
2022-05-08,0.1232,2.296,,,20.0,18,2518.9
2022-05-09,0.1554,1.868,,1.323,2.2,11,2227.48
2022-05-10,0.1574,1.986,,0.939,2.2,10,2340.86
2022-05-11,0.1534,1.783,,1.002,2.2,12,2083.98
2022-05-12,-0.0035,1.434,,0.875,2.2,12,1959.78
2022-05-13,-0.0214,1.4,,1.117,3.3,10,2008.49
2022-05-14,-0.0235,1.484,,0.951,4.4,9,2055.0
2022-05-15,-0.0291,1.335,,0.504,5.6,10,2144.07
2022-05-16,-0.0386,1.508,,0.811,2.2,14,2022.89
2022-05-17,-0.072,1.384,,0.493,6.7,8,2090.0
2022-05-18,-0.0989,1.711,,0.967,4.4,12,1914.2
2022-05-19,0.0269,1.446,,0.779,8.9,13,2019.46
2022-05-20,0.0814,1.772,,1.849,3.3,13,1958.69
2022-05-21,0.0673,1.641,,0.408,2.2,13,1973.94
2022-05-22,0.0626,1.35,,0.978,10.0,14,2042.63
2022-05-23,0.073,1.866,,0.898,5.6,10,1972.45
2022-05-24,0.0637,2.099,,2.432,11.1,12,1978.56
2022-05-25,0.083,2.214,,0.679,10.0,11,1942.0
2022-05-26,0.083,2.007,,1.057,4.4,12,1791.02
2022-05-27,0.0716,2.351,1.026,0.827,11.1,12,1726.55
2022-05-28,0.0841,1.693,0.947,0.669,20.0,13,1791.74
2022-05-29,0.0781,1.638,1.0,0.689,20.0,14,1812.45
2022-05-30,0.0662,1.44,1.015,1.022,23.3,10,1997.87
2022-05-31,0.1108,1.669,1.117,0.914,23.3,16,1941.68
2022-06-01,0.1231,1.98,1.035,0.678,14.4,17,1817.1
2022-06-02,0.1239,2.055,0.973,0.679,24.4,13,1833.37
2022-06-03,0.1267,2.351,1.015,2.714,24.4,10,1774.15
2022-06-04,0.1302,2.293,0.991,1.948,26.7,14,1803.71
2022-06-05,0.1311,1.997,0.979,0.799,26.7,10,1805.39
2022-06-06,0.1426,1.711,1.009,0.804,26.7,13,1859.11
2022-06-07,0.1229,1.889,0.988,0.686,16.7,15,1812.61
2022-06-08,0.12,2.005,0.979,1.386,21.1,17,1791.02
2022-06-09,0.1457,2.282,0.968,0.735,25.6,11,1788.03
2022-06-10,0.1368,2.734,0.956,1.715,34.4,13,1661.95
2022-06-11,0.0724,2.232,1.03,0.808,34.4,12,1532.19
2022-06-12,0.0351,1.872,1.138,0.867,24.4,14,1434.35
2022-06-13,0.0018,1.43,1.177,0.989,1.1,11,1209.04
2022-06-14,-0.0185,1.418,1.074,1.063,10.0,8,1208.32
2022-06-15,-0.0682,1.343,1.15,0.869,4.4,7,1236.49
2022-06-16,-0.0989,1.693,1.205,1.381,1.1,7,1067.77
2022-06-17,-0.1411,1.788,1.115,0.444,2.2,9,1085.99
2022-06-18,-0.1437,1.26,1.165,1.145,6.7,6,994.09
2022-06-19,-0.1474,1.055,1.207,1.842,24.4,6,1127.88
2022-06-20,-0.1273,1.084,1.161,0.994,12.2,9,1127.83
2022-06-21,-0.0992,1.138,1.131,0.991,20.0,9,1125.47
2022-06-22,-0.0925,1.248,1.192,1.112,2.2,11,1049.4
2022-06-23,-0.1083,0.981,1.182,0.975,33.3,11,1143.71
2022-06-24,-0.0533,0.865,1.245,0.771,48.9,11,1224.42
2022-06-25,-0.0094,0.874,,1.298,53.3,14,1241.6
2022-06-26,0.0214,0.965,,0.757,46.7,14,1197.21
2022-06-27,-0.0131,1.02,1.091,0.817,45.6,12,1191.9
2022-06-28,-0.0243,1.164,,0.972,35.6,10,1143.5
2022-06-29,-0.0021,1.391,,1.043,23.3,13,1099.32
2022-06-30,-0.0061,1.467,,1.506,18.9,11,1070.85
2022-07-01,-0.0464,1.295,,0.462,4.4,11,1059.24
2022-07-02,-0.0555,1.232,,0.618,7.8,14,1066.53
2022-07-03,-0.059,1.137,,1.447,33.3,11,1073.9
2022-07-04,-0.0402,1.033,,0.853,55.6,14,1150.23
2022-07-05,-0.0382,1.005,,0.783,46.7,19,1131.8
2022-07-06,-0.0198,0.838,,0.904,63.3,18,1186.37
2022-07-07,0.032,0.7,,0.858,66.7,18,1236.92
2022-07-08,0.0758,0.814,,0.792,61.1,20,1213.53
2022-07-09,0.0961,1.008,,1.488,57.8,24,1216.48
2022-07-10,0.1164,1.159,,0.608,52.2,24,1167.81
2022-07-11,0.127,1.291,,0.834,28.9,22,1095.95
2022-07-12,0.1139,1.534,,0.779,4.4,16,1037.88
2022-07-13,0.0392,1.273,,1.573,34.4,15,1114.19
2022-07-14,-0.0044,0.856,,0.689,67.8,18,1193.01
2022-07-15,-0.0156,0.588,,0.774,74.4,15,1230.58
2022-07-16,-0.0105,0.724,,0.797,77.8,21,1355.37
2022-07-17,-0.0223,0.695,,0.427,74.4,24,1338.27
2022-07-18,-0.0291,0.802,,1.024,85.6,20,1580.12
2022-07-19,0.0013,0.998,,1.25,77.8,30,1541.39
2022-07-20,0.0558,0.903,,0.809,75.6,31,1521.34
2022-07-21,0.1025,0.766,,1.247,80.0,34,1575.39
2022-07-22,0.1176,0.904,,1.241,80.0,33,1534.53
2022-07-23,0.1234,0.984,,1.325,80.0,31,1548.01
2022-07-24,0.1441,0.71,,0.953,100.0,30,1597.77
2022-07-25,0.156,1.07,,1.024,78.9,30,1440.4
2022-07-26,0.1556,1.158,,1.176,83.3,26,1448.27
2022-07-27,0.1637,0.657,,1.192,100.0,28,1635.45
2022-07-28,0.1637,0.648,,1.171,100.0,32,1723.82
2022-07-29,0.1644,0.594,,0.433,100.0,39,1721.85
2022-07-30,0.1675,0.772,,1.148,95.6,42,1696.68
2022-07-31,0.1574,0.816,,0.757,95.6,39,1677.63
2022-08-01,0.1672,0.96,,1.483,92.2,33,1629.45
2022-08-02,0.1566,0.91,,0.86,90.0,31,1629.97
2022-08-03,0.1485,1.09,,1.561,90.0,34,1617.37
2022-08-04,0.1345,1.287,,0.663,92.2,30,1607.2
2022-08-05,0.1322,0.789,,1.849,100.0,31,1737.13
2022-08-06,0.1371,0.88,,0.675,100.0,31,1689.85
2022-08-07,0.1277,0.977,,0.669,97.8,30,1699.25
2022-08-08,0.1131,0.807,,0.952,100.0,30,1776.09
2022-08-09,0.0912,1.443,,0.82,93.3,42,1702.04
2022-08-10,0.0834,0.653,,1.26,100.0,31,1853.24
2022-08-11,0.0835,0.704,,0.728,100.0,41,1879.35
2022-08-12,0.072,0.701,,1.772,100.0,42,1957.4
2022-08-13,0.0565,0.707,,0.815,100.0,46,1982.8
2022-08-14,0.0576,0.914,,1.099,96.7,47,1934.55
2022-08-15,0.0385,1.244,,1.078,95.6,45,1898.56
2022-08-16,0.0474,1.537,,1.507,93.3,44,1875.78
2022-08-17,0.0676,1.629,,0.814,91.1,41,1833.55
2022-08-18,0.0667,1.319,,0.873,93.3,30,1845.86
2022-08-19,0.0672,1.359,,1.096,73.3,33,1608.29
2022-08-20,0.0546,1.391,,1.025,77.8,29,1574.93
2022-08-21,0.0376,1.533,,1.319,71.1,27,1617.17
2022-08-22,0.054,1.431,,1.503,81.1,29,1624.02
2022-08-23,0.0492,1.181,,0.806,78.9,28,1664.19
2022-08-24,0.0219,1.039,,1.58,81.1,25,1655.71
2022-08-25,-0.0017,0.961,,0.983,87.8,25,1694.16
2022-08-26,-0.0025,1.403,,1.242,64.4,27,1507.23
2022-08-27,-0.06,1.485,,0.89,70.0,28,1490.0
2022-08-28,-0.105,1.517,,1.009,67.8,28,1426.3
2022-08-29,-0.1622,1.146,,1.06,78.9,24,1550.67
2022-08-30,-0.1796,1.166,,0.629,72.2,27,1523.48
2022-08-31,-0.173,1.209,,0.946,72.2,23,1553.04
2022-09-01,-0.1729,1.098,,1.027,77.8,20,1585.4
2022-09-02,-0.182,1.31,,0.536,71.1,25,1574.49
2022-09-03,-0.1585,1.527,1.033,1.496,75.6,21,1556.41
2022-09-04,-0.12,1.409,,1.161,75.6,20,1578.14
2022-09-05,-0.0859,1.03,,0.689,81.1,23,1616.92
2022-09-06,-0.0962,1.335,,0.708,65.6,22,1558.23
2022-09-07,-0.1547,0.984,,0.5,78.9,24,1629.35
2022-09-08,-0.1525,0.946,,1.465,82.2,20,1634.22
2022-09-09,-0.184,0.747,,1.474,82.2,22,1717.48
2022-09-10,-0.1935,0.709,,1.11,88.9,28,1773.05
2022-09-11,-0.2414,0.732,,0.803,84.4,26,1765.01
2022-09-12,-0.328,0.954,,3.305,78.9,25,1715.14
2022-09-13,-0.4188,1.658,,0.924,55.6,34,1571.9
2022-09-14,-0.8219,1.767,,1.455,56.7,27,1635.39
2022-09-15,-1.3452,2.149,,0.627,42.2,28,1471.93
2022-09-16,-1.3116,2.18,,0.824,41.1,20,1433.58
2022-09-17,-1.2505,2.252,,0.729,53.3,22,1467.96
2022-09-18,-1.1752,2.143,,0.728,36.7,27,1333.67
2022-09-19,-1.0948,1.895,,0.713,32.2,21,1375.05
2022-09-20,-0.9944,1.839,,1.039,30.0,23,1322.08
2022-09-21,-0.5424,2.192,,0.615,27.8,23,1244.19
2022-09-22,-0.0738,1.73,,1.43,30.0,22,1325.73
2022-09-23,-0.094,1.826,,0.413,24.4,20,1326.62
2022-09-24,-0.1156,1.494,,1.166,32.2,24,1316.19
2022-09-25,-0.1348,1.983,,1.371,28.9,24,1293.99
2022-09-26,-0.1052,1.391,,1.819,38.9,21,1335.25
2022-09-27,-0.0773,1.814,,0.477,36.7,20,1327.19
2022-09-28,-0.0745,1.428,,0.666,36.7,20,1336.43
2022-09-29,0.0044,1.463,,1.338,31.1,22,1334.8
2022-09-30,0.034,1.685,,0.77,34.4,21,1327.78
2022-10-01,0.0563,2.08,,0.788,38.9,20,1311.31
2022-10-02,0.0635,2.69,,0.69,40.0,24,1275.96
2022-10-03,0.0534,1.72,,1.157,37.8,24,1322.59
2022-10-04,0.0696,1.028,,0.421,64.4,20,1360.73
2022-10-05,0.0797,1.234,,1.35,51.1,25,1351.61
2022-10-06,0.068,1.183,,1.06,55.6,26,1351.5
2022-10-07,0.0554,1.834,,0.621,44.4,23,1330.41
2022-10-08,0.0571,2.065,,0.69,35.6,24,1314.74
2022-10-09,0.0542,2.107,,1.101,38.9,22,1322.61
2022-10-10,0.0651,2.599,,0.924,53.3,22,1289.56
2022-10-11,0.0588,2.601,,0.929,53.3,24,1279.68
2022-10-12,0.0676,1.934,,1.508,51.1,20,1294.02
2022-10-13,0.0409,1.685,,0.829,44.4,20,1286.38
2022-10-14,0.0554,1.489,,0.697,51.1,24,1295.35
2022-10-15,0.0381,1.799,,0.608,24.4,24,1274.13
2022-10-16,0.0372,1.69,,0.777,27.8,24,1305.51
2022-10-17,0.0372,1.135,,0.528,57.8,20,1330.62
2022-10-18,0.0426,1.419,,1.397,48.9,22,1309.93
2022-10-19,0.0554,1.855,,1.906,50.0,23,1284.45
2022-10-20,0.0776,2.083,,1.312,54.4,23,1282.2
2022-10-21,0.0719,1.591,,1.874,48.9,23,1299.08
2022-10-22,0.0653,1.112,,1.301,76.7,20,1313.19
2022-10-23,0.0791,0.919,,1.013,87.8,23,1363.44
2022-10-24,0.0857,1.042,,1.717,75.6,22,1342.72
2022-10-25,0.0652,0.715,,1.031,90.0,20,1459.2
2022-10-26,0.0619,0.649,,0.455,94.4,33,1565.45
2022-10-27,0.0699,0.724,,0.464,87.8,32,1513.7
2022-10-28,0.0635,0.719,,0.999,86.7,30,1553.79
2022-10-29,0.0899,0.63,,1.333,94.4,34,1618.82
2022-10-30,0.1036,0.747,,1.725,91.1,34,1589.89
2022-10-31,0.103,0.889,,0.631,84.4,31,1572.01
2022-11-01,0.0995,0.87,,0.419,83.3,30,1577.88
2022-11-02,0.0984,1.253,,0.316,67.8,30,1517.26
2022-11-03,0.0721,1.206,,0.963,60.0,30,1530.27
2022-11-04,0.0846,0.756,,0.769,90.0,30,1644.09
2022-11-05,0.0767,0.793,,0.77,85.6,38,1626.11
2022-11-06,0.0717,1.067,,0.915,73.3,40,1567.42
2022-11-07,0.068,1.3,,0.692,66.7,33,1567.52
2022-11-08,0.0622,2.336,,1.056,6.7,31,1333.4
2022-11-09,-0.0596,1.945,,0.835,3.3,29,1101.49
2022-11-10,-0.1731,1.411,,1.659,16.7,22,1298.21
2022-11-11,-0.2213,1.442,,1.3,8.9,25,1288.64
2022-11-12,-0.213,1.479,,1.479,4.4,21,1256.82
2022-11-13,-0.2462,1.787,,0.945,1.1,22,1220.78
2022-11-14,-0.2482,1.737,,0.606,1.1,24,1242.89
2022-11-15,-0.2467,1.423,,0.803,2.2,22,1252.81
2022-11-16,-0.1549,2.205,,1.827,17.8,23,1215.78
2022-11-17,-0.0427,2.014,,0.968,20.0,20,1199.7
2022-11-18,-0.0359,1.922,,1.321,16.7,23,1212.04
2022-11-19,-0.0438,1.778,,1.286,17.8,23,1216.91
2022-11-20,-0.0286,2.117,,1.65,14.4,24,1141.57
2022-11-21,-0.0569,2.084,,1.143,24.4,21,1106.95
2022-11-22,-0.0521,1.822,,0.804,32.2,22,1139.11
2022-11-23,-0.0459,1.374,,0.687,34.4,22,1183.83
2022-11-24,-0.0256,1.08,,1.506,47.8,20,1202.92
2022-11-25,0.0032,1.076,,0.8,47.8,20,1198.55
2022-11-26,-0.0304,1.012,,1.583,51.1,22,1204.84
2022-11-27,-0.0468,1.085,,0.615,48.9,26,1193.26
2022-11-28,-0.0434,1.397,,0.933,34.4,28,1167.21
2022-11-29,-0.0236,0.936,,1.072,72.2,26,1215.74
2022-11-30,0.0131,0.891,,0.891,83.3,29,1294.02
2022-12-01,0.0221,0.921,,1.04,95.6,27,1275.7
2022-12-02,0.0287,0.875,,2.514,100.0,27,1295.0
2022-12-03,0.0399,1.233,,0.9,80.0,27,1239.76
2022-12-04,0.0507,1.121,,0.643,65.6,26,1278.82
2022-12-05,0.0739,1.356,,0.757,42.2,26,1258.66
2022-12-06,0.0671,1.403,,1.224,45.6,25,1270.72
2022-12-07,0.0462,1.682,,0.436,54.4,29,1230.83
2022-12-08,0.0363,0.957,,1.843,71.1,25,1279.73
2022-12-09,0.0434,1.027,,1.021,56.7,26,1262.31
2022-12-10,0.0605,1.113,,1.405,57.8,27,1265.88
2022-12-11,0.0631,1.15,,1.298,58.9,26,1262.43
2022-12-12,0.0532,1.165,,1.568,44.4,27,1274.88
2022-12-13,0.0722,0.868,,1.354,68.9,27,1321.06
2022-12-14,0.0938,0.914,1.181,2.079,52.2,30,1307.76
2022-12-15,0.1221,1.462,1.179,0.767,42.2,31,1266.26
2022-12-16,0.1166,1.851,1.118,0.857,6.7,29,1166.2
2022-12-17,0.1107,1.874,1.083,0.811,11.1,28,1186.45
2022-12-18,0.1276,1.827,1.057,0.584,11.1,26,1182.45
2022-12-19,0.1254,1.85,1.051,0.755,11.1,29,1167.21
2022-12-20,0.1189,1.332,1.063,1.395,22.2,29,1216.21
2022-12-21,0.1086,1.318,1.118,1.06,21.1,26,1213.21
2022-12-22,0.1052,1.557,1.123,0.907,18.9,28,1217.39
2022-12-23,0.1058,1.307,1.14,1.956,22.2,27,1219.5
2022-12-24,0.1174,1.279,1.123,0.918,25.6,29,1219.96
2022-12-25,0.1004,1.322,1.157,1.219,18.9,29,1217.96
2022-12-26,0.1144,1.27,1.155,1.665,27.8,28,1227.57
2022-12-27,0.1118,1.509,1.146,1.433,31.1,27,1211.29
2022-12-28,0.1059,1.813,1.13,1.741,28.9,28,1189.93
2022-12-29,0.1051,1.574,1.155,1.662,27.8,28,1200.35
2022-12-30,0.1184,1.635,1.174,1.124,28.9,28,1199.66
2022-12-31,0.1311,1.595,1.18,1.0,25.6,25,1196.1
2023-01-01,0.1601,1.564,1.17,1.074,34.4,26,1199.96
2023-01-02,0.1758,1.263,1.179,1.31,35.6,27,1213.23
2023-01-03,0.1651,1.471,1.163,0.728,34.4,26,1214.23
2023-01-04,0.1789,0.876,1.165,2.248,72.2,29,1256.39
2023-01-05,0.183,0.892,1.184,0.689,70.0,29,1251.08
2023-01-06,0.183,0.798,1.162,0.757,77.8,26,1268.54
2023-01-07,0.1698,0.832,1.182,3.009,74.4,25,1263.65
2023-01-08,0.1595,0.834,1.164,1.207,77.8,25,1289.65
2023-01-09,0.1551,0.666,1.183,1.574,85.6,25,1320.32
2023-01-10,0.176,0.64,1.19,1.228,86.7,26,1335.3
2023-01-11,0.1712,0.709,1.193,1.107,84.4,26,1389.26
2023-01-12,0.1712,0.721,1.226,0.786,85.6,30,1415.84
2023-01-13,0.1712,0.792,1.232,1.145,84.4,31,1450.94
2023-01-14,0.2719,1.046,1.331,0.811,67.8,46,1550.27
2023-01-15,0.314,0.972,1.333,1.293,72.2,52,1553.47
2023-01-16,0.3263,0.87,1.31,0.768,80.0,45,1577.11
2023-01-17,0.3263,0.871,1.306,1.164,81.1,51,1565.84
2023-01-18,0.3335,0.918,1.328,0.729,74.4,52,1511.66
2023-01-19,0.3335,0.848,1.318,1.665,78.9,45,1551.11
2023-01-20,0.3335,0.814,1.345,1.229,91.1,51,1659.01
2023-01-21,0.2459,0.84,1.375,1.132,85.6,53,1627.63
2023-01-22,0.2142,1.009,1.342,1.077,80.0,53,1628.14
2023-01-23,0.2104,1.054,1.367,2.781,76.7,50,1626.9
2023-01-24,0.2104,1.175,1.362,0.861,61.1,52,1555.99
2023-01-25,0.2104,1.267,1.321,0.852,62.2,51,1611.41
2023-01-26,0.2104,1.209,1.356,1.064,62.2,54,1600.69
2023-01-27,0.2104,1.22,1.342,0.549,63.3,55,1597.08
2023-01-28,0.2104,1.48,1.316,0.805,61.1,52,1571.52
2023-01-29,0.2104,0.983,1.309,1.772,82.2,55,1645.67
2023-01-30,0.21,1.443,1.357,1.584,57.8,61,1565.92
2023-01-31,0.21,1.265,1.346,1.714,61.1,51,1585.02
2023-02-01,0.21,0.952,1.33,2.319,76.7,56,1641.8
2023-02-02,0.21,1.012,1.32,1.115,76.7,60,1643.81
2023-02-03,0.21,1.085,1.297,0.968,85.6,60,1663.68
2023-02-04,0.21,0.959,1.285,1.234,96.7,58,1666.44
2023-02-05,0.21,1.276,1.283,1.177,78.9,58,1628.98
2023-02-06,0.21,1.321,1.278,0.491,80.0,56,1613.9
2023-02-07,0.21,1.027,1.277,0.886,95.6,54,1670.51
2023-02-08,0.21,1.201,1.312,1.376,87.8,58,1650.26
2023-02-09,0.21,1.572,1.276,0.923,62.2,55,1544.68
2023-02-10,0.2068,1.61,1.234,1.77,56.7,48,1512.26
2023-02-11,0.1842,1.706,1.227,1.293,56.7,49,1537.65
2023-02-12,0.1708,1.775,1.163,1.182,44.4,50,1514.49
2023-02-13,0.1594,1.631,1.174,1.46,61.1,48,1504.85
2023-02-14,0.1386,1.232,1.129,0.626,51.1,50,1554.94
2023-02-15,0.1201,0.978,1.182,0.997,65.6,53,1675.0
2023-02-16,0.1242,0.912,1.248,0.767,40.0,62,1639.0
2023-02-17,0.1273,0.894,1.235,0.853,61.1,61,1694.12
2023-02-18,0.15,0.959,1.231,4.223,70.0,60,1691.66
2023-02-19,0.1633,1.009,1.247,0.568,64.4,60,1680.31
2023-02-20,0.1748,0.986,1.22,1.009,73.3,58,1703.7
2023-02-21,0.1955,1.473,1.201,1.153,70.0,60,1659.2
2023-02-22,0.2141,1.675,1.205,0.908,53.3,59,1642.01
2023-02-23,0.2013,1.554,1.22,1.787,50.0,56,1649.69
2023-02-24,0.1899,1.841,1.202,3.078,52.2,53,1607.12
2023-02-25,0.1829,1.825,1.193,0.834,51.1,52,1593.59
2023-02-26,0.16,1.469,1.174,0.554,61.1,51,1640.49
2023-02-27,0.1546,1.56,1.217,1.147,45.6,50,1632.6
2023-02-28,0.1404,1.673,1.212,0.725,46.7,53,1604.72
2023-03-01,0.1307,1.201,1.212,0.838,76.7,50,1664.46
2023-03-02,0.1372,1.439,1.213,0.947,81.1,51,1647.29
2023-03-03,0.1239,1.888,1.167,0.771,34.4,50,1568.86
2023-03-04,0.1116,1.811,1.155,1.099,35.6,50,1566.05
2023-03-05,0.1183,1.846,1.123,1.954,26.7,47,1564.06
2023-03-06,0.109,1.749,1.127,0.453,25.6,48,1565.17
2023-03-07,0.1071,1.711,1.15,1.042,30.0,49,1561.29
2023-03-08,0.1104,1.774,1.166,0.366,42.2,50,1531.82
2023-03-09,0.103,1.873,1.109,1.981,14.4,44,1436.42
2023-03-10,0.0888,1.713,1.064,0.779,1.1,34,1425.79
2023-03-11,0.0797,1.287,1.059,1.395,1.1,33,1471.03
2023-03-12,0.0693,1.127,1.101,0.957,1.1,33,1579.26
2023-03-13,0.084,0.842,1.131,0.873,22.2,49,1673.9
2023-03-14,0.1001,0.964,1.224,0.904,14.4,56,1699.93
2023-03-15,0.1365,1.152,1.175,1.167,8.9,50,1649.81
2023-03-16,0.1462,1.128,1.204,1.287,15.6,52,1672.56
2023-03-17,0.177,0.858,1.244,1.101,28.9,51,1789.21
2023-03-18,0.2053,0.856,1.267,0.965,27.8,64,1758.52
2023-03-19,0.232,0.928,1.261,0.667,27.8,63,1779.99
2023-03-20,0.2302,1.079,1.296,1.421,23.3,66,1731.71
2023-03-21,0.2209,0.943,1.248,1.388,36.7,68,1800.14
2023-03-22,0.1728,1.222,1.19,1.155,24.4,62,1733.61
2023-03-23,0.1607,0.833,1.214,0.615,42.2,57,1813.27
2023-03-24,0.1688,1.235,1.256,0.71,20.0,61,1748.77
2023-03-25,0.1415,1.295,1.181,1.339,10.0,64,1741.02
2023-03-26,0.1177,1.11,1.17,0.926,7.8,64,1772.63
2023-03-27,0.0906,1.377,1.126,0.61,5.6,64,1714.35
2023-03-28,0.0785,0.902,1.115,0.849,23.3,59,1772.09
2023-03-29,0.0941,0.848,1.163,0.655,28.9,57,1791.89
2023-03-30,0.0872,0.949,1.164,1.018,20.0,60,1792.77
2023-03-31,0.0814,0.724,1.134,1.046,72.2,63,1820.81
2023-04-01,0.105,0.778,1.157,0.741,65.6,61,1819.82
2023-04-02,0.1113,1.02,1.162,1.118,37.8,63,1793.56
2023-04-03,0.1049,0.914,1.137,0.697,23.3,63,1809.68
2023-04-04,0.1159,0.618,1.147,1.413,97.8,62,1869.11
2023-04-05,0.1151,0.744,1.218,0.316,100.0,62,1907.48
2023-04-06,0.1156,1.068,1.204,1.083,63.3,63,1871.33
2023-04-07,0.1042,1.175,1.19,0.702,62.2,64,1862.87
2023-04-08,0.0849,1.228,1.179,0.424,63.3,61,1848.02
2023-04-09,0.0743,1.198,1.164,0.661,37.8,61,1857.84
2023-04-10,0.0802,0.85,1.131,0.656,63.3,62,1908.9
2023-04-11,0.0786,0.895,1.14,0.905,41.1,68,1888.89
2023-04-12,0.0577,0.718,1.089,0.707,95.6,65,1916.86
2023-04-13,0.0762,0.529,1.117,1.06,100.0,61,2011.8
2023-04-14,0.0934,0.716,1.177,2.116,98.9,68,2099.77
2023-04-15,0.1164,0.715,1.175,1.072,98.9,68,2091.2
2023-04-16,0.1444,0.762,1.174,1.546,96.7,68,2118.09
2023-04-17,0.174,0.9,1.187,0.568,95.6,69,2074.49
2023-04-18,0.186,0.934,1.176,1.348,94.4,58,2103.29
2023-04-19,0.199,1.594,1.094,0.971,80.0,63,1932.83
2023-04-20,0.1777,1.61,1.101,1.451,78.9,52,1942.11
2023-04-21,0.1717,1.672,1.105,1.389,51.1,50,1848.0
2023-04-22,0.1495,1.772,1.048,0.883,58.9,53,1873.39
2023-04-23,0.1185,1.726,1.096,1.645,64.4,56,1861.3
2023-04-24,0.1039,1.805,1.082,0.899,63.3,53,1841.19
2023-04-25,0.0972,1.605,1.101,0.433,67.8,53,1865.4
2023-04-26,0.092,1.553,1.117,1.067,17.8,56,1865.02
2023-04-27,0.0903,1.267,1.162,0.945,20.0,59,1907.67
2023-04-28,0.0915,1.495,1.189,0.713,31.1,64,1890.13
2023-04-29,0.1003,1.44,1.195,2.045,33.3,64,1907.01
2023-04-30,0.1157,1.567,1.203,0.988,28.9,60,1868.41
2023-05-01,0.1008,2.019,1.203,0.733,37.8,63,1829.97
2023-05-02,0.0981,1.462,1.137,1.157,45.6,55,1869.2
2023-05-03,0.1104,1.245,1.234,1.253,44.4,64,1904.74
2023-05-04,0.1332,1.373,1.246,1.634,47.8,64,1876.13
2023-05-05,0.1273,0.723,1.244,1.192,92.2,61,1992.56
2023-05-06,0.1315,1.643,1.224,1.842,68.9,60,1895.29
2023-05-07,0.1256,1.344,1.205,0.724,35.6,64,1869.5
2023-05-08,0.1353,1.876,1.151,0.909,42.2,60,1846.54
2023-05-09,0.1395,1.792,1.174,0.828,51.1,51,1845.8
2023-05-10,0.1269,1.835,1.138,0.977,42.2,52,1839.86
2023-05-11,0.1042,1.989,1.163,1.343,61.1,52,1793.24
2023-05-12,0.0864,1.866,1.144,1.105,38.9,49,1806.53
2023-05-13,0.0718,1.684,1.145,0.756,36.7,48,1794.44
2023-05-14,0.0721,1.752,1.139,1.835,41.1,48,1798.25
2023-05-15,0.0576,1.509,1.137,0.954,28.9,50,1815.56
2023-05-16,0.0385,1.433,1.123,0.905,33.3,54,1823.53
2023-05-17,0.0363,1.499,1.13,1.025,34.4,50,1821.65
2023-05-18,0.0486,1.778,1.146,0.589,34.4,51,1799.69
2023-05-19,0.0648,1.555,1.159,0.497,24.4,48,1811.38
2023-05-20,0.0673,1.492,1.154,1.388,25.6,48,1818.59
2023-05-21,0.065,1.662,1.139,0.553,37.8,52,1803.89
2023-05-22,0.0861,1.446,1.144,1.92,55.6,49,1816.67
2023-05-23,0.1006,1.159,1.178,0.737,77.8,50,1853.36
2023-05-24,0.1044,2.031,1.14,0.439,62.2,50,1798.84
2023-05-25,0.093,1.684,1.134,0.845,50.0,51,1804.65
2023-05-26,0.0958,1.213,1.111,0.74,65.6,49,1826.81
2023-05-27,0.095,1.261,1.088,0.793,51.1,48,1828.85
2023-05-28,0.0897,1.017,1.099,0.906,73.3,50,1908.36
2023-05-29,0.1028,1.033,1.154,0.561,70.0,52,1891.5
2023-05-30,0.107,1.02,1.122,0.694,81.1,51,1899.81
2023-05-31,0.1053,1.448,1.125,0.596,74.4,51,1872.84
2023-06-01,0.123,1.483,1.143,1.098,54.4,52,1860.59
2023-06-02,0.1256,1.103,1.157,0.844,85.6,50,1905.58
2023-06-03,0.1366,1.173,1.15,0.897,75.6,53,1890.91
2023-06-04,0.151,1.17,1.124,0.577,84.4,52,1888.54
2023-06-05,0.1311,2.128,1.088,0.471,70.0,53,1810.03
2023-06-06,0.1106,1.203,1.183,0.746,44.4,44,1883.26
2023-06-07,0.1199,1.556,1.183,1.186,18.9,53,1831.31
2023-06-08,0.1124,1.557,1.176,0.697,20.0,50,1844.94
2023-06-09,0.1051,1.64,1.168,1.147,25.6,50,1839.61
2023-06-10,0.0995,2.263,1.098,0.854,36.7,49,1750.64
2023-06-11,0.0943,1.997,1.116,1.877,25.6,47,1751.8
2023-06-12,0.1042,2.158,1.123,0.814,37.8,47,1741.61
2023-06-13,0.1182,2.082,1.144,1.858,37.8,45,1739.24
2023-06-14,0.1089,2.447,1.082,0.566,11.1,46,1650.18
2023-06-15,0.078,2.308,1.012,0.745,8.9,41,1665.64
2023-06-16,0.0478,1.604,1.097,0.914,3.3,47,1717.31
2023-06-17,0.0512,1.713,1.13,0.83,5.6,47,1727.2
2023-06-18,0.0444,1.671,1.111,1.131,5.6,49,1719.99
2023-06-19,0.0364,1.763,1.09,1.12,7.8,47,1736.21
2023-06-20,0.0221,1.289,1.152,1.369,10.0,49,1791.37
2023-06-21,0.0194,1.072,1.181,0.795,16.7,59,1888.31
2023-06-22,0.0621,1.038,1.242,0.436,12.2,65,1871.36
2023-06-23,0.1009,1.111,1.201,1.655,10.0,65,1892.2
2023-06-24,0.1077,1.238,1.203,2.336,6.7,62,1874.48
2023-06-25,0.134,1.153,1.222,1.664,20.0,64,1898.27
2023-06-26,0.1462,1.502,1.187,2.585,11.1,55,1858.14
2023-06-27,0.1546,1.21,1.235,1.6,31.1,59,1889.05
2023-06-28,0.1599,1.78,1.136,0.51,17.8,62,1827.26
2023-06-29,0.1426,1.548,1.17,0.667,8.9,54,1851.19
2023-06-30,0.1422,1.015,1.235,1.401,78.9,56,1933.41
2023-07-01,0.1488,1.079,1.26,1.688,74.4,59,1924.08
2023-07-02,0.1488,1.116,1.284,2.405,56.7,63,1937.69
2023-07-03,0.1546,1.034,1.249,1.272,87.8,62,1955.0
2023-07-04,0.1727,1.146,1.303,0.76,62.2,64,1935.72
2023-07-05,0.1866,1.427,1.273,0.987,50.0,61,1909.88
2023-07-06,0.1967,1.783,1.267,0.979,15.6,56,1844.82
2023-07-07,0.1862,1.868,1.203,0.937,15.6,55,1870.0
2023-07-08,0.1609,1.94,1.205,0.982,21.1,58,1864.45
2023-07-09,0.1402,1.823,1.211,2.205,16.7,55,1861.81
2023-07-10,0.1246,1.479,1.225,0.826,21.1,56,1879.34
2023-07-11,0.1143,1.586,1.223,0.793,26.7,57,1877.66
2023-07-12,0.1099,1.538,1.223,0.871,22.2,64,1870.81
2023-07-13,0.0874,0.801,1.203,0.729,94.4,57,2004.78
2023-07-14,0.104,1.352,1.24,1.628,15.6,60,1936.74
2023-07-15,0.116,1.348,1.207,1.516,37.8,56,1930.4
2023-07-16,0.1211,1.382,1.235,0.856,31.1,57,1920.97
2023-07-17,0.1158,1.686,1.231,0.459,20.0,54,1910.37
2023-07-18,0.1184,1.712,1.213,1.388,30.0,56,1896.46
2023-07-19,0.1185,1.854,1.192,1.747,33.3,50,1887.55
2023-07-20,0.1373,1.969,1.185,0.42,25.6,56,1890.56
2023-07-21,0.1169,1.874,1.205,0.468,22.2,50,1890.84
2023-07-22,0.1072,2.067,1.146,1.51,36.7,52,1865.6
2023-07-23,0.1032,1.815,1.199,1.108,7.8,54,1887.86
2023-07-24,0.1112,2.175,1.185,1.207,33.3,55,1849.04
2023-07-25,0.1147,1.896,1.217,0.807,12.2,50,1856.91
2023-07-26,0.1147,1.648,1.258,0.916,24.4,51,1870.98
2023-07-27,0.1178,1.806,1.27,2.717,43.3,51,1860.28
2023-07-28,0.1279,1.537,1.25,0.488,72.2,52,1873.39
2023-07-29,0.1424,1.45,1.274,0.774,72.2,52,1879.85
2023-07-30,0.1476,1.825,1.263,0.893,35.6,52,1860.76
2023-07-31,0.135,2.005,1.252,0.545,51.1,50,1855.39
2023-08-01,0.1301,1.882,1.253,1.196,40.0,53,1873.05
2023-08-02,0.1344,2.258,1.32,0.27,42.2,53,1839.07
2023-08-03,0.1423,2.154,1.319,0.283,42.2,52,1834.69
2023-08-04,0.1474,2.353,1.302,2.397,27.8,54,1829.4
2023-08-05,0.152,2.212,1.315,2.243,30.0,50,1835.5
2023-08-06,0.1583,2.29,1.294,1.178,52.2,49,1829.38
2023-08-07,0.1832,2.435,1.277,0.489,80.0,49,1828.18
2023-08-08,0.1838,1.502,1.333,0.556,62.2,54,1855.36
2023-08-09,0.172,1.655,1.31,0.296,60.0,50,1854.7
2023-08-10,0.1696,1.779,1.301,0.743,55.6,53,1851.42
2023-08-11,0.1534,1.907,1.292,0.996,38.9,51,1848.04
2023-08-12,0.1448,1.924,1.284,1.613,42.2,54,1849.14
2023-08-13,0.1412,2.098,1.313,2.632,50.0,54,1840.09
2023-08-14,0.1417,2.144,1.282,0.735,57.8,50,1844.81
2023-08-15,0.1465,2.474,1.276,1.221,82.2,53,1828.28
2023-08-16,0.155,2.54,1.297,0.598,86.7,52,1807.19
2023-08-17,0.1519,2.072,0.937,0.775,5.6,50,1681.0
2023-08-18,0.1374,2.064,1.02,0.89,1.1,37,1660.76
2023-08-19,0.0991,2.169,1.112,1.425,1.1,39,1668.69
2023-08-20,0.0587,2.018,1.128,0.531,2.2,37,1684.16
2023-08-21,0.021,2.07,1.138,1.098,2.2,38,1666.79
2023-08-22,-0.012,2.3,1.093,1.43,1.1,37,1634.5
2023-08-23,-0.0407,1.783,1.113,0.612,2.2,37,1678.8
2023-08-24,-0.0654,2.103,1.097,0.999,1.1,41,1660.22
2023-08-25,-0.0632,2.049,1.09,1.936,2.2,39,1653.24
2023-08-26,-0.0452,2.093,1.056,2.742,2.2,38,1646.28
2023-08-27,-0.0184,2.034,1.058,0.365,5.6,38,1657.59
2023-08-28,-0.0099,2.042,1.063,1.67,4.4,39,1652.51
2023-08-29,-0.0117,1.323,1.101,1.957,12.2,39,1728.51
2023-08-30,0.0096,1.615,1.103,1.205,10.0,49,1704.39
2023-08-31,0.0217,2.185,1.112,1.688,1.1,52,1645.27
2023-09-01,0.0296,2.311,1.086,0.874,1.1,40,1628.19
2023-09-02,0.0322,2.209,1.076,0.721,1.1,39,1636.24
2023-09-03,0.0259,2.175,1.078,1.245,1.1,40,1635.02
2023-09-04,0.0183,2.26,1.077,1.638,3.3,40,1630.09
2023-09-05,0.0311,2.215,1.05,1.263,6.7,40,1633.63
2023-09-06,0.0172,2.306,1.056,0.559,7.8,42,1632.33
2023-09-07,0.0219,1.988,1.101,1.847,14.4,41,1647.27
2023-09-08,0.0285,2.153,1.086,1.303,11.1,46,1635.78
2023-09-09,0.0412,2.06,1.091,0.689,17.8,41,1634.8
2023-09-10,0.0492,2.314,1.079,1.549,8.9,40,1616.47
2023-09-11,0.066,2.444,1.018,1.059,21.1,40,1551.03
2023-09-12,0.0538,2.016,1.004,1.289,21.1,30,1592.29
2023-09-13,0.051,1.929,1.002,1.529,26.7,41,1606.68
2023-09-14,0.0332,1.648,1.023,2.862,27.8,45,1625.65
2023-09-15,0.0246,1.564,1.065,1.227,31.1,45,1640.67
2023-09-16,0.0233,1.674,1.059,0.723,27.8,43,1633.68
2023-09-17,0.0225,1.903,1.046,1.97,22.2,46,1621.62
2023-09-18,0.0175,1.634,1.036,0.597,31.1,46,1635.63
2023-09-19,0.024,1.715,1.023,1.333,27.8,46,1642.49
2023-09-20,0.0312,2.213,1.018,0.892,27.8,47,1621.6
2023-09-21,0.0431,2.481,1.032,0.351,33.3,47,1583.0
2023-09-22,0.0496,2.387,1.022,0.741,31.1,43,1592.28
2023-09-23,0.0465,2.326,1.022,3.117,40.0,47,1592.97
2023-09-24,0.0481,2.449,1.031,1.141,35.6,44,1579.99
2023-09-25,0.0555,2.349,1.046,1.69,42.2,47,1587.69
2023-09-26,0.0706,2.336,1.077,0.705,43.3,46,1593.3
2023-09-27,0.0763,2.216,1.094,1.233,40.0,44,1597.89
2023-09-28,0.0728,1.266,1.099,0.874,46.7,46,1652.13
2023-09-29,0.0683,1.272,1.088,1.18,46.7,48,1666.61
2023-09-30,0.0598,1.304,1.074,0.946,48.9,47,1670.18
2023-10-01,0.0559,1.228,1.151,1.378,48.9,48,1733.39
2023-10-02,0.0662,1.754,1.136,1.162,43.3,50,1661.49
2023-10-03,0.0614,1.893,1.138,0.492,43.3,50,1656.18
2023-10-04,0.0537,2.094,1.151,0.36,45.6,49,1645.75
2023-10-05,0.0532,2.544,1.165,0.984,50.0,48,1611.23
2023-10-06,0.0735,1.899,1.211,1.024,51.1,50,1644.33
2023-10-07,0.0897,2.174,1.214,0.826,51.1,49,1633.18
2023-10-08,0.1146,2.256,1.245,1.491,54.4,50,1632.02
2023-10-09,0.1124,2.753,1.218,0.856,53.3,50,1579.4
2023-10-10,0.1242,2.951,1.217,0.733,58.9,50,1566.89
2023-10-11,0.1286,2.946,1.24,0.717,61.1,47,1566.07
2023-10-12,0.1356,2.977,1.228,0.582,62.2,45,1538.81
2023-10-13,0.1211,2.824,1.195,0.444,62.2,44,1551.55
2023-10-14,0.1161,2.673,1.246,0.901,58.9,47,1554.15
2023-10-15,0.1024,2.694,1.26,0.976,58.9,45,1557.25
2023-10-16,0.0999,2.127,1.277,1.959,57.8,47,1598.61
2023-10-17,0.0905,2.586,1.329,0.785,52.2,52,1563.99
2023-10-18,0.092,2.478,1.316,1.747,52.2,50,1562.65
2023-10-19,0.0912,2.528,1.293,0.544,54.4,52,1565.89
2023-10-20,0.0982,1.785,1.311,0.441,68.9,53,1603.14
2023-10-21,0.0978,1.603,1.321,1.061,72.2,63,1628.29
2023-10-22,0.0942,1.419,1.366,0.705,74.4,53,1662.83
2023-10-23,0.089,1.428,1.4,0.991,73.3,53,1766.35
2023-10-24,0.1077,1.454,1.427,0.724,62.2,66,1784.31
2023-10-25,0.1239,1.49,1.415,0.951,68.9,72,1786.71
2023-10-26,0.1408,1.516,1.426,0.761,75.6,71,1803.3
2023-10-27,0.154,1.494,1.406,0.808,71.1,70,1780.02
2023-10-28,0.1735,1.593,1.393,1.306,66.7,65,1776.76
2023-10-29,0.1927,1.441,1.372,1.186,77.8,72,1795.49
2023-10-30,0.21,1.484,1.391,1.239,83.3,68,1809.81
2023-10-31,0.21,1.363,1.427,2.311,84.4,66,1815.67
2023-11-01,0.21,1.141,1.435,0.61,96.7,66,1848.2
2023-11-02,0.2373,1.715,1.458,0.997,84.4,72,1800.68
2023-11-03,0.2373,1.319,1.399,0.945,86.7,65,1832.49
2023-11-04,0.2373,1.057,1.403,0.708,92.2,68,1856.08
2023-11-05,0.2373,1.074,1.421,1.678,97.8,70,1892.49
2023-11-06,0.2373,1.179,1.34,1.335,97.8,74,1901.71
2023-11-07,0.2373,1.258,1.325,1.866,91.1,68,1885.79
2023-11-08,0.2373,1.231,1.281,0.882,94.4,66,1888.42
2023-11-09,0.2711,1.017,1.461,1.184,100.0,69,2122.92
2023-11-10,0.3227,1.259,1.647,1.066,98.9,70,2079.1
2023-11-11,0.3472,1.534,1.62,1.202,97.8,70,2054.52
2023-11-12,0.3678,1.624,1.587,0.921,96.7,73,2046.08
2023-11-13,0.4164,1.431,1.603,0.858,97.8,72,2055.18
2023-11-14,0.4289,1.82,1.5,0.973,94.4,69,1980.11
2023-11-15,0.4289,1.518,1.483,1.45,94.4,60,2059.29
2023-11-16,0.3677,2.135,1.458,1.634,90.0,70,1962.13
2023-11-17,0.3161,2.185,1.453,0.698,91.1,63,1961.21
2023-11-18,0.2917,2.023,1.421,1.112,93.3,69,1963.19
2023-11-19,0.2711,1.781,1.447,0.884,94.4,66,2012.46
2023-11-20,0.2225,1.437,1.436,0.931,96.7,69,2022.41
2023-11-21,0.21,1.775,1.535,1.196,90.0,71,1933.44
2023-11-22,0.21,1.001,1.437,0.582,100.0,62,2063.91
2023-11-23,0.21,1.035,1.508,1.318,98.9,66,2062.68
2023-11-24,0.21,1.055,1.545,1.577,97.8,66,2081.16
2023-11-25,0.21,1.141,1.549,0.678,96.7,73,2082.87
2023-11-26,0.21,1.323,1.557,0.794,93.3,73,2061.97
2023-11-27,0.21,1.735,1.487,0.441,94.4,66,2027.57
2023-11-28,0.21,1.303,1.529,0.717,94.4,68,2048.2
2023-11-29,0.21,1.568,1.534,0.863,90.0,72,2028.41
2023-11-30,0.21,1.416,1.541,0.451,92.2,74,2051.76
2023-12-01,0.21,1.008,1.509,1.15,96.7,71,2086.99
2023-12-02,0.21,0.956,1.537,1.081,100.0,74,2165.28
2023-12-03,0.21,1.037,1.609,0.501,100.0,73,2193.24
2023-12-04,0.21,1.21,1.636,1.61,97.8,74,2243.66
2023-12-05,0.21,1.296,1.64,0.948,96.7,75,2293.97
2023-12-06,0.21,1.546,1.64,0.831,91.1,72,2233.29
2023-12-07,0.21,1.147,1.561,1.411,100.0,72,2357.04
2023-12-08,0.2255,1.331,1.576,2.042,98.9,72,2360.82
2023-12-09,0.2828,1.5,1.591,1.402,97.8,73,2342.4
2023-12-10,0.3083,1.518,1.585,1.383,96.7,74,2353.97
2023-12-11,0.3224,1.946,1.697,0.99,83.3,74,2225.56
2023-12-12,0.3224,2.18,1.696,1.478,84.4,67,2204.7
2023-12-13,0.3308,1.739,1.744,3.292,84.4,65,2261.44
2023-12-14,0.3308,1.451,1.751,0.949,91.1,72,2316.54
2023-12-15,0.3157,1.881,1.761,0.482,81.1,70,2221.71
2023-12-16,0.2584,1.979,1.702,0.95,80.0,67,2229.64
2023-12-17,0.2344,2.107,1.776,1.313,77.8,73,2197.93
2023-12-18,0.2254,1.983,1.737,1.921,85.6,65,2220.48
2023-12-19,0.2254,2.356,1.734,0.974,75.6,73,2179.02
2023-12-20,0.2301,2.158,1.727,1.889,83.3,74,2203.95
2023-12-21,0.2948,1.916,1.742,1.625,91.1,70,2241.35
2023-12-22,0.4031,1.486,1.653,0.725,97.8,74,2326.53
2023-12-23,0.4221,1.7,1.777,0.385,92.2,70,2309.86
2023-12-24,0.4457,1.962,1.793,1.112,88.9,71,2265.43
2023-12-25,0.4898,2.102,1.746,1.256,87.8,73,2273.07
2023-12-26,0.5762,2.553,1.819,1.5,81.1,71,2232.44
2023-12-27,0.6546,1.323,1.667,1.059,98.9,73,2380.31
2023-12-28,0.6941,1.629,1.774,0.627,92.2,73,2345.96
2023-12-29,0.6966,2.252,1.761,1.724,73.3,65,2300.6
2023-12-30,0.7327,2.201,1.739,0.593,72.2,68,2293.26
2023-12-31,0.7589,2.461,1.717,0.597,67.8,67,2283.85
2024-01-01,0.7817,1.993,1.759,1.189,82.2,65,2354.62
2024-01-02,0.8338,1.883,1.732,1.266,83.3,71,2356.93
2024-01-03,0.7752,2.594,1.625,1.586,44.4,70,2210.39
2024-01-04,0.6709,2.022,1.512,0.932,47.8,68,2267.85
2024-01-05,0.5598,2.062,1.624,1.82,51.1,72,2268.93
2024-01-06,0.5046,2.141,1.654,0.934,47.8,70,2240.36
2024-01-07,0.4534,2.23,1.613,1.344,47.8,71,2220.87
2024-01-08,0.3815,1.518,1.628,1.046,71.1,71,2331.11
2024-01-09,0.2429,1.654,1.689,1.482,73.3,76,2344.44
2024-01-10,0.21,1.296,1.659,0.703,100.0,73,2585.82
2024-01-11,0.21,1.45,1.855,0.745,100.0,76,2618.59
2024-01-12,0.21,1.964,1.915,1.893,100.0,71,2523.3
2024-01-13,0.21,1.891,1.846,0.667,100.0,64,2578.5
2024-01-14,0.21,2.191,1.95,0.533,96.7,60,2474.36
2024-01-15,0.21,2.363,1.921,1.382,96.7,52,2512.21
2024-01-16,0.21,1.647,1.796,1.508,100.0,64,2587.4
2024-01-17,0.21,2.283,1.85,0.969,94.4,60,2530.62
2024-01-18,0.21,2.665,1.923,0.608,95.6,63,2471.29
2024-01-19,0.21,2.297,2.006,0.588,97.8,51,2492.46
2024-01-20,0.21,2.554,2.047,0.89,95.6,52,2472.27
2024-01-21,0.21,2.504,2.022,0.85,90.0,56,2457.02
2024-01-22,0.21,2.935,2.03,0.728,86.7,55,2314.33
2024-01-23,0.21,2.813,1.91,1.128,73.3,50,2241.67
2024-01-24,0.21,2.83,1.874,0.83,71.1,48,2234.62
2024-01-25,0.21,2.828,1.856,0.668,71.1,52,2218.02
2024-01-26,0.21,2.548,1.727,1.169,74.4,49,2266.72
2024-01-27,0.2069,2.737,1.735,0.824,70.0,55,2266.99
2024-01-28,0.1978,2.735,1.769,1.617,62.2,54,2256.0
2024-01-29,0.1978,2.453,1.831,0.685,75.6,55,2316.52
2024-01-30,0.194,1.964,1.818,1.188,75.6,61,2341.95
2024-01-31,0.194,2.714,1.756,0.857,64.4,60,2282.0
2024-02-01,0.1874,2.35,1.703,2.185,73.3,63,2303.33
2024-02-02,0.1811,2.247,1.706,4.695,66.7,63,2307.99
2024-02-03,0.1769,2.482,1.679,1.135,68.9,60,2295.42
2024-02-04,0.1782,2.631,1.719,1.112,62.2,60,2288.66
2024-02-05,0.1782,2.611,1.71,1.676,67.8,60,2300.83
2024-02-06,0.1777,1.353,1.656,1.042,85.6,64,2371.74
2024-02-07,0.1645,1.311,1.597,1.574,84.4,62,2424.22
2024-02-08,0.1684,1.534,1.533,0.752,81.1,66,2418.76
2024-02-09,0.1725,1.442,1.659,0.895,78.9,72,2485.24
2024-02-10,0.1773,1.397,1.67,1.042,81.1,74,2499.2
2024-02-11,0.1799,1.446,1.638,2.33,83.3,71,2506.1
2024-02-12,0.1749,1.26,1.619,0.766,96.7,70,2660.91
2024-02-13,0.1792,1.466,1.641,1.594,95.6,79,2640.83
2024-02-14,0.1954,1.225,1.643,1.058,100.0,74,2776.14
2024-02-15,0.2057,1.32,1.667,0.546,100.0,72,2824.54
2024-02-16,0.2106,1.295,1.582,1.131,100.0,72,2803.69
2024-02-17,0.2167,1.381,1.656,0.588,96.7,76,2787.43
2024-02-18,0.2231,1.303,1.598,1.217,98.9,72,2883.58
2024-02-19,0.228,1.281,1.591,0.861,100.0,75,2946.55
2024-02-20,0.2599,1.25,1.601,0.838,100.0,72,3017.21
2024-02-21,0.269,1.697,1.592,0.619,98.9,78,2969.65
2024-02-22,0.2614,1.397,1.61,1.059,97.8,74,2972.8
2024-02-23,0.2587,1.712,1.578,1.139,95.6,76,2923.35
2024-02-24,0.2552,1.231,1.529,0.646,98.9,72,2994.39
2024-02-25,0.281,1.081,1.53,1.0,100.0,74,3115.24
2024-02-26,0.3489,1.218,1.624,2.534,98.9,72,3178.6
2024-02-27,0.412,1.47,1.802,2.259,97.8,79,3244.98
2024-02-28,0.479,2.113,1.917,1.61,97.8,82,3387.07
2024-02-29,0.6607,2.292,1.974,0.406,98.9,80,3343.15
2024-03-01,0.7753,2.134,1.978,0.674,97.8,80,3435.82
2024-03-02,0.907,2.442,2.018,0.758,96.7,80,3424.43
2024-03-03,0.9648,2.072,2.049,2.272,98.9,83,3491.77
2024-03-04,0.9878,2.168,2.063,0.757,93.3,82,3629.72
2024-03-05,1.0858,2.765,2.217,0.601,84.4,90,3555.43
2024-03-06,1.0761,2.24,2.214,1.28,98.9,75,3822.36
2024-03-07,0.9835,2.259,2.355,1.157,98.9,82,3871.69
2024-03-08,0.9886,2.565,2.29,1.43,98.9,81,3886.04
2024-03-09,0.9322,2.698,2.194,0.63,100.0,84,3908.15
2024-03-10,0.9313,2.63,2.134,0.781,98.9,79,3881.22
2024-03-11,0.9712,1.936,2.368,0.742,100.0,82,4070.52
2024-03-12,0.9022,2.751,2.528,1.821,98.9,81,3984.18
2024-03-13,0.9541,2.906,2.547,0.963,98.9,81,4008.76
2024-03-14,0.9616,3.548,2.609,0.735,97.8,88,3884.99
2024-03-15,0.9089,3.864,2.864,0.581,95.6,83,3745.0
2024-03-16,0.8789,4.341,2.569,0.782,90.0,81,3525.58
2024-03-17,0.8206,3.589,2.664,2.0,93.3,79,3646.99
2024-03-18,0.733,3.856,2.719,0.93,92.2,77,3523.43
2024-03-19,0.644,4.682,2.301,1.064,70.0,79,3161.0
2024-03-20,0.5288,2.935,2.055,0.989,74.4,74,3517.8
2024-03-21,0.4532,2.85,2.334,1.9,75.6,78,3495.16
2024-03-22,0.4184,4.353,2.405,1.731,70.0,75,3339.0
2024-03-23,0.38,3.533,2.305,0.625,70.0,73,3330.96
2024-03-24,0.3723,3.135,2.312,0.755,77.8,74,3457.16
2024-03-25,0.3532,2.771,2.378,0.953,87.8,75,3592.94
2024-03-26,0.3715,3.171,2.586,1.094,90.0,81,3589.64
2024-03-27,0.4171,3.658,2.595,1.994,88.9,83,3504.99
2024-03-28,0.4776,3.324,2.61,0.915,90.0,80,3563.99
2024-03-29,0.5172,3.933,2.598,0.547,94.4,79,3512.46
2024-03-30,0.5745,4.022,2.592,1.977,95.6,75,3508.66
2024-03-31,0.6768,2.777,2.811,0.525,100.0,75,3648.79
2024-04-01,0.7386,4.064,2.72,0.312,93.3,79,3506.52
2024-04-02,0.693,4.641,2.361,0.847,72.2,79,3280.76
2024-04-03,0.6414,3.89,2.148,1.06,68.9,71,3313.29
2024-04-04,0.5599,3.845,2.112,1.983,66.7,70,3329.65
2024-04-05,0.4881,3.769,2.054,0.379,75.6,79,3319.66
2024-04-06,0.4306,3.452,2.051,0.741,72.2,75,3353.15
2024-04-07,0.3105,2.797,1.992,0.561,78.9,78,3455.99
2024-04-08,0.2463,1.955,2.345,0.941,100.0,76,3697.6
2024-04-09,0.2589,3.668,2.499,1.013,86.7,80,3508.45
2024-04-10,0.2762,3.691,2.276,1.1,80.0,78,3547.64
2024-04-11,0.2817,3.714,2.24,0.933,72.2,76,3504.43
2024-04-12,0.2817,4.482,1.839,0.742,40.0,79,3238.3
2024-04-13,0.275,3.757,1.762,0.843,23.3,72,3005.46
2024-04-14,0.275,3.098,1.787,0.938,24.4,72,3153.16
2024-04-15,0.2474,3.642,1.807,1.223,18.9,74,3100.75
2024-04-16,0.2193,3.131,1.822,1.691,17.8,65,3082.85
2024-04-17,0.1828,3.981,1.778,1.405,12.2,67,2983.25
2024-04-18,0.1594,2.976,1.884,1.412,17.8,57,3062.85
2024-04-19,0.1473,2.879,1.916,0.976,22.2,66,3054.91
2024-04-20,0.1348,2.31,1.905,0.867,25.6,66,3154.31
2024-04-21,0.1141,2.787,1.956,0.79,25.6,72,3145.73
2024-04-22,0.0962,2.603,1.799,0.972,31.1,73,3198.66
2024-04-23,0.0828,2.624,1.825,0.646,31.1,71,3218.04
2024-04-24,0.0834,3.63,1.771,1.457,28.9,72,3138.84
2024-04-25,0.0835,3.018,1.758,0.423,26.7,72,3154.44
2024-04-26,0.0757,3.151,1.816,2.003,27.8,70,3129.98
2024-04-27,0.0775,2.248,1.847,2.505,32.2,67,3253.97
2024-04-28,0.0941,2.251,1.896,1.231,34.4,65,3262.28
2024-04-29,0.1126,3.039,1.979,0.981,31.1,67,3215.27
2024-04-30,0.1226,5.046,1.819,0.748,28.9,67,3012.58
2024-05-01,0.1252,4.2,1.894,0.464,6.7,54,2970.61
2024-05-02,0.1303,3.209,1.992,1.637,20.0,43,2984.8
2024-05-03,0.1299,2.466,1.918,0.489,28.9,48,3100.83
2024-05-04,0.1303,2.654,2.034,2.217,28.9,67,3115.46
2024-05-05,0.1282,2.56,2.031,2.214,30.0,69,3135.24
2024-05-06,0.128,3.24,2.237,1.02,25.6,71,3061.5
2024-05-07,0.1275,3.771,2.036,0.57,15.6,68,3004.55
2024-05-08,0.1384,4.242,2.037,1.78,21.1,64,2972.93
2024-05-09,0.1512,3.704,2.135,1.909,25.6,55,3034.75
2024-05-10,0.1657,5.33,2.003,1.135,25.6,66,2908.85
2024-05-11,0.1687,4.819,2.029,1.965,21.1,53,2911.27
2024-05-12,0.1664,4.39,2.008,1.021,24.4,56,2927.73
2024-05-13,0.1677,3.666,2.171,1.483,33.3,57,2949.71
2024-05-14,0.1766,4.797,2.254,0.885,33.3,66,2880.87
2024-05-15,0.1789,3.073,2.119,1.122,37.8,64,3030.66
2024-05-16,0.1708,4.555,2.157,1.522,34.4,70,2943.22
2024-05-17,0.1648,2.425,1.952,1.744,45.6,74,3090.48
2024-05-18,0.1608,2.21,1.887,0.272,47.8,73,3121.59
2024-05-19,0.1589,2.781,1.956,3.114,40.0,72,3069.98
2024-05-20,0.1493,1.409,2.082,0.943,100.0,70,3664.39
2024-05-21,0.1614,1.202,2.557,0.502,100.0,76,3792.32
2024-05-22,0.1717,1.383,2.632,1.249,98.9,76,3740.25
2024-05-23,0.1799,1.802,2.481,1.365,97.8,76,3784.8
2024-05-24,0.1917,2.007,2.477,0.924,97.8,74,3729.61
2024-05-25,0.2029,1.894,2.383,2.481,100.0,76,3751.15
2024-05-26,0.2133,1.404,2.307,1.831,100.0,75,3827.53
2024-05-27,0.227,1.438,2.275,0.981,100.0,74,3896.09
2024-05-28,0.2198,1.879,2.468,0.744,97.8,72,3847.0
2024-05-29,0.2274,2.283,2.407,0.969,97.8,72,3770.0
2024-05-30,0.2556,2.528,2.504,1.398,95.6,73,3750.39
2024-05-31,0.2588,2.504,2.491,0.974,95.6,73,3764.35
2024-06-01,0.2704,1.926,2.424,0.416,98.9,72,3817.49
2024-06-02,0.2761,2.429,2.585,1.287,95.6,73,3783.98
2024-06-03,0.2875,2.838,2.523,1.07,95.6,73,3769.15
2024-06-04,0.2861,2.209,2.534,1.603,96.7,73,3813.12
2024-06-05,0.2785,2.042,2.444,1.134,96.7,75,3868.61
2024-06-06,0.275,2.695,2.743,1.202,88.9,78,3815.76
2024-06-07,0.2883,3.243,2.576,0.719,81.1,77,3679.82
2024-06-08,0.2766,3.105,2.43,0.441,80.0,72,3682.11
2024-06-09,0.2709,3.074,2.427,0.891,81.1,75,3707.67
2024-06-10,0.2596,3.089,2.419,1.091,78.9,72,3669.66
2024-06-11,0.2588,3.539,2.358,1.385,76.7,74,3498.16
2024-06-12,0.2511,3.173,2.289,0.603,75.6,72,3560.45
2024-06-13,0.2264,3.642,2.288,0.865,73.3,70,3469.18
2024-06-14,0.21,3.607,2.232,1.622,72.2,74,3480.51
2024-06-15,0.21,2.6,2.275,0.302,76.7,74,3567.87
2024-06-16,0.21,2.475,2.288,1.294,78.9,71,3622.96
2024-06-17,0.2091,3.192,2.408,0.461,73.3,71,3509.56
2024-06-18,0.1998,3.139,2.204,1.217,70.0,74,3482.34
2024-06-19,0.196,2.368,2.178,3.529,74.4,64,3558.85
2024-06-20,0.1855,3.03,2.213,0.762,71.1,60,3511.26
2024-06-21,0.1684,2.884,2.206,0.485,66.7,63,3517.18
2024-06-22,0.1527,3.195,2.167,3.588,65.6,53,3494.26
2024-06-23,0.1376,3.693,2.051,1.103,61.1,55,3419.38
2024-06-24,0.1335,3.544,1.851,1.049,63.3,51,3352.0
2024-06-25,0.1428,2.962,2.073,1.054,65.6,30,3393.06
2024-06-26,0.1467,3.384,2.241,0.736,63.3,46,3370.76
2024-06-27,0.1571,2.676,2.295,0.218,72.2,40,3450.34
2024-06-28,0.1743,3.664,2.509,1.039,71.1,47,3379.51
2024-06-29,0.19,3.234,2.366,0.594,70.0,30,3377.62
2024-06-30,0.2051,2.834,2.438,2.605,70.0,47,3436.73
2024-07-01,0.21,2.965,2.588,2.227,63.3,53,3440.46
2024-07-02,0.21,3.403,2.519,0.805,65.6,51,3420.43
2024-07-03,0.21,4.297,2.478,0.916,60.0,50,3294.75
2024-07-04,0.21,4.133,2.301,1.018,48.9,44,3059.31
2024-07-05,0.2045,3.161,2.15,1.313,43.3,29,2980.43
2024-07-06,0.1959,2.975,2.072,1.133,44.4,26,3065.5
2024-07-07,0.1842,3.343,2.221,1.117,43.3,29,2930.24
2024-07-08,0.177,3.108,2.125,1.307,43.3,28,3017.51
2024-07-09,0.1615,2.626,2.052,1.071,44.4,27,3065.06
2024-07-10,0.1469,2.701,2.02,0.703,47.8,28,3099.12
2024-07-11,0.1355,2.601,1.952,1.366,48.9,29,3098.25
2024-07-12,0.1329,2.291,2.038,1.56,48.9,25,3133.24
2024-07-13,0.139,1.96,2.022,0.893,48.9,25,3174.01
2024-07-14,0.1403,1.84,1.977,0.646,48.9,33,3243.56
2024-07-15,0.1359,1.763,1.919,1.694,48.9,52,3481.62
2024-07-16,0.1402,1.814,2.097,0.569,47.8,65,3442.83
2024-07-17,0.1448,2.094,2.209,0.526,47.8,69,3386.0
2024-07-18,0.1462,2.092,2.151,0.622,46.7,61,3424.99
2024-07-19,0.1469,1.83,2.164,0.664,51.1,60,3502.18
2024-07-20,0.1356,1.795,2.144,1.543,51.1,74,3516.03
2024-07-21,0.1343,2.067,2.151,2.722,45.6,74,3534.29
2024-07-22,0.1363,2.556,2.024,0.741,44.4,70,3438.08
2024-07-23,0.1443,2.306,2.209,1.308,51.1,71,3481.01
2024-07-24,0.1473,3.345,2.23,1.771,50.0,69,3334.24
2024-07-25,0.1407,3.756,2.188,0.989,35.6,68,3173.67
2024-07-26,0.1302,3.097,2.061,1.312,36.7,68,3272.82
2024-07-27,0.1262,3.101,2.296,0.84,30.0,72,3248.17
2024-07-28,0.1379,2.909,2.192,0.454,32.2,71,3268.03
2024-07-29,0.1457,2.814,2.299,1.862,38.9,74,3316.87
2024-07-30,0.1489,3.311,2.397,1.453,36.7,67,3278.17
2024-07-31,0.1559,3.743,2.408,1.262,36.7,61,3231.48
2024-08-01,0.1685,3.617,2.518,0.563,33.3,52,3201.67
2024-08-02,0.1756,4.454,2.371,1.031,24.4,57,2988.11
2024-08-03,0.1796,4.481,2.332,0.918,15.6,37,2901.94
2024-08-04,0.1622,4.096,2.013,0.597,12.2,34,2687.6
2024-08-05,0.1261,2.829,1.763,1.639,1.1,26,2418.6
2024-08-06,0.0821,2.844,1.597,1.422,2.2,17,2459.87
2024-08-07,0.0427,3.124,1.463,0.464,2.2,29,2341.41
2024-08-08,0.0078,2.401,1.343,1.357,4.4,20,2681.59
2024-08-09,-0.0088,2.858,1.405,1.456,4.4,48,2597.9
2024-08-10,-0.0241,2.809,1.354,0.375,5.6,40,2608.76
2024-08-11,-0.0363,2.701,1.372,0.504,5.6,39,2554.65
2024-08-12,-0.0142,2.237,1.475,0.535,8.9,25,2721.15
2024-08-13,-0.0028,2.072,1.431,2.424,4.4,31,2701.01
2024-08-14,0.0068,2.673,1.526,0.844,6.7,30,2659.82
2024-08-15,0.0292,3.159,1.595,1.146,3.3,29,2568.73
2024-08-16,0.0309,2.678,1.538,0.38,5.6,27,2591.52
2024-08-17,0.0265,2.761,1.585,1.167,5.6,25,2613.18
2024-08-18,0.022,2.527,1.613,0.828,7.8,31,2610.67
2024-08-19,0.0034,2.888,1.606,1.189,7.8,28,2635.15
2024-08-20,0.0063,3.625,1.642,0.872,7.8,30,2571.51
2024-08-21,0.0139,2.731,1.526,1.379,10.0,26,2629.38
2024-08-22,0.005,3.021,1.673,0.586,10.0,39,2622.0
2024-08-23,0.0132,2.125,1.559,0.644,18.9,34,2761.58
2024-08-24,0.0168,2.384,1.493,3.165,21.1,56,2766.4
2024-08-25,0.0233,2.414,1.555,1.67,18.9,54,2744.47
2024-08-26,0.0418,3.071,1.719,1.355,20.0,55,2679.25
2024-08-27,0.0636,3.487,1.632,0.56,4.4,48,2455.98
2024-08-28,0.0504,3.239,1.521,0.322,6.7,30,2527.31
2024-08-29,0.0467,2.787,1.457,0.901,14.4,29,2526.28
2024-08-30,0.0442,3.121,1.622,0.913,11.1,34,2524.99
2024-08-31,0.0672,2.892,1.667,3.053,12.2,29,2511.91
2024-09-01,0.0787,3.146,1.715,1.595,3.3,26,2424.55
2024-09-02,0.0731,2.357,1.747,0.669,16.7,26,2536.74
2024-09-03,0.0669,3.295,1.891,0.471,16.7,26,2424.05
2024-09-04,0.0851,2.546,1.845,2.478,14.4,27,2449.67
2024-09-05,0.0942,3.328,1.87,0.625,8.9,29,2367.37
2024-09-06,0.0967,3.879,1.908,0.808,14.4,22,2223.7
2024-09-07,0.0761,3.003,1.769,2.617,30.0,23,2272.21
2024-09-08,0.0724,3.114,1.846,0.315,21.1,29,2295.89
2024-09-09,0.0665,2.494,1.65,0.868,28.9,26,2358.19
2024-09-10,0.0486,2.37,1.738,1.295,22.2,33,2387.63
2024-09-11,0.0383,2.736,1.694,0.875,30.0,37,2339.22
2024-09-12,0.0344,2.766,1.662,0.396,37.8,31,2360.79
2024-09-13,0.0363,1.985,1.617,0.772,44.4,32,2438.15
2024-09-14,0.0345,2.374,1.563,1.203,44.4,50,2416.65
2024-09-15,0.0274,3.184,1.647,1.609,36.7,51,2314.85
2024-09-16,0.0199,3.565,1.589,0.336,46.7,39,2294.61
2024-09-17,0.0379,2.819,1.498,2.262,47.8,33,2340.59
2024-09-18,0.0456,3.121,1.59,2.022,46.7,45,2373.93
2024-09-19,0.0578,2.138,1.536,1.082,51.1,49,2464.56
2024-09-20,0.0731,1.967,1.801,1.888,53.3,54,2560.29
2024-09-21,0.0904,1.93,1.794,0.498,54.4,54,2611.4
2024-09-22,0.1073,1.98,2.032,0.793,52.2,52,2579.94
2024-09-23,0.128,1.968,1.87,0.8,55.6,50,2645.84
2024-09-24,0.1255,2.19,2.063,0.706,54.4,54,2652.0
2024-09-25,0.127,2.646,2.123,1.772,53.3,59,2578.9
2024-09-26,0.1342,2.213,2.224,1.349,54.4,50,2631.11
2024-09-27,0.1281,2.05,2.037,1.065,61.1,61,2693.53
2024-09-28,0.1336,2.235,2.069,1.228,58.9,64,2673.9
2024-09-29,0.1325,2.393,2.051,0.849,58.9,63,2656.3
2024-09-30,0.1414,2.568,2.238,1.185,65.6,61,2601.49
2024-10-01,0.1564,2.699,2.21,2.128,63.3,50,2446.85
2024-10-02,0.1716,3.034,2.11,1.717,52.2,42,2363.0
2024-10-03,0.1571,3.003,1.946,0.927,51.1,37,2348.74
2024-10-04,0.1463,2.624,1.851,3.501,52.2,41,2413.38
2024-10-05,0.1463,2.663,1.858,0.389,53.3,49,2413.42
2024-10-06,0.1449,2.588,1.768,0.705,53.3,50,2438.77
2024-10-07,0.1354,2.852,2.144,0.518,45.6,50,2421.75
2024-10-08,0.132,2.687,2.169,0.389,53.3,49,2439.84
2024-10-09,0.1287,3.076,2.082,0.991,62.2,49,2369.6
2024-10-10,0.1442,3.011,2.292,1.157,65.6,39,2385.24
2024-10-11,0.1569,2.398,2.025,1.593,54.4,32,2438.46
2024-10-12,0.1553,2.223,2.059,0.986,62.2,49,2475.09
2024-10-13,0.1514,2.283,2.145,1.097,53.3,50,2467.79
2024-10-14,0.1627,1.816,2.156,3.162,83.3,48,2628.88
2024-10-15,0.1678,2.254,2.62,0.743,81.1,65,2606.53
2024-10-16,0.1741,2.023,2.534,0.907,85.6,73,2610.39
2024-10-17,0.1775,2.05,2.847,0.813,86.7,71,2605.01
2024-10-18,0.182,1.845,2.56,1.398,88.9,73,2641.11
2024-10-19,0.1902,1.817,2.618,1.409,86.7,72,2647.45
2024-10-20,0.2066,1.749,2.745,1.772,97.8,73,2746.98
2024-10-21,0.21,2.157,2.816,1.494,94.4,72,2666.63
2024-10-22,0.21,2.535,2.796,2.197,93.3,70,2621.78
2024-10-23,0.21,3.23,2.708,1.293,88.9,71,2523.84
2024-10-24,0.21,3.228,2.858,3.629,91.1,69,2535.39
2024-10-25,0.21,3.571,2.785,1.228,81.1,72,2440.1
2024-10-26,0.21,2.966,2.867,0.436,87.8,,2482.04
2024-10-27,0.21,3.043,2.962,0.804,93.3,74,2507.22
2024-10-28,0.21,2.799,3.107,0.676,100.0,72,2566.49
2024-10-29,0.21,2.386,3.168,1.024,100.0,72,2639.28
2024-10-30,0.21,2.265,3.27,0.412,100.0,77,2659.36
2024-10-31,0.21,3.247,3.085,0.291,98.9,77,2518.37
2024-11-01,0.21,3.423,2.82,0.602,96.7,75,2511.57
2024-11-02,0.21,3.532,2.64,0.923,94.4,72,2493.61
2024-11-03,0.21,3.682,2.706,0.822,92.2,74,2457.29
2024-11-04,0.21,3.804,2.869,1.027,91.1,70,2397.37
2024-11-05,0.21,3.938,2.844,0.421,90.0,70,2421.42
2024-11-06,0.2095,2.137,2.506,2.055,100.0,70,2722.49
2024-11-07,0.2144,1.926,2.61,0.694,100.0,77,2895.76
2024-11-08,0.2144,1.636,2.356,2.568,100.0,75,2962.12
2024-11-09,0.2144,1.666,2.57,0.584,100.0,75,3127.03
2024-11-10,0.2311,2.048,2.827,0.997,97.8,78,3185.19
2024-11-11,0.2662,2.3,3.262,1.669,98.9,76,3375.02
2024-11-12,0.3575,2.528,3.166,0.955,96.7,80,3245.98
2024-11-13,0.388,2.786,3.028,0.325,94.4,84,3188.9
2024-11-14,0.3837,3.003,3.022,1.091,92.2,88,3061.03
2024-11-15,0.39,3.306,2.999,0.674,97.8,80,3091.75
2024-11-16,0.3995,3.351,2.931,1.984,97.8,86,3134.72
2024-11-17,0.3925,3.719,2.89,1.809,94.4,90,3078.09
2024-11-18,0.3987,2.94,3.005,0.803,100.0,83,3210.48
2024-11-19,0.3545,4.038,3.007,0.628,98.9,90,3109.34
2024-11-20,0.3449,4.193,2.974,0.847,98.9,83,3071.05
2024-11-21,0.3545,2.904,3.285,0.619,100.0,82,3358.42
2024-11-22,0.4037,3.732,3.622,1.33,98.9,94,3330.05
2024-11-23,0.4488,3.556,3.466,1.259,100.0,93,3396.33
2024-11-24,0.4871,3.988,3.346,0.798,98.9,80,3362.98
2024-11-25,0.4888,3.208,3.576,1.321,100.0,82,3416.92
2024-11-26,0.4667,4.104,3.601,0.588,95.6,79,3327.17
2024-11-27,0.4739,2.162,3.12,0.584,100.0,75,3655.88
2024-11-28,0.4762,2.755,3.48,0.855,98.9,77,3581.58
2024-11-29,0.426,3.043,3.231,2.596,98.9,78,3594.5
2024-11-30,0.3956,2.557,3.217,0.61,98.9,84,3705.73
2024-12-01,0.3583,2.556,3.255,1.15,98.9,81,3711.24
2024-12-02,0.3791,3.354,3.802,1.33,96.7,80,3646.26
2024-12-03,0.3996,3.716,3.818,1.136,100.0,76,3616.82
2024-12-04,0.3964,2.625,3.525,1.378,100.0,78,3840.75
2024-12-05,0.4583,3.913,3.478,1.359,98.9,84,3787.31
2024-12-06,0.4892,2.504,3.08,0.633,100.0,72,4001.75
2024-12-07,0.5129,3.22,3.244,0.503,98.9,75,3999.79
2024-12-08,0.5356,3.38,3.238,2.07,98.9,79,4007.3
2024-12-09,0.4855,4.602,3.426,1.929,94.4,78,3712.55
2024-12-10,0.44,4.601,3.312,0.605,87.8,78,3628.4
2024-12-11,0.4156,3.397,3.084,0.722,95.6,74,3830.44
2024-12-12,0.3412,3.107,3.29,1.266,95.6,83,3880.52
2024-12-13,0.3051,2.978,3.285,1.64,95.6,76,3905.6
2024-12-14,0.2571,3.43,3.336,1.493,95.6,83,3868.6
2024-12-15,0.2231,3.399,3.266,1.035,96.7,80,3958.5
2024-12-16,0.2081,2.864,3.449,0.682,100.0,83,3984.76
2024-12-17,0.2081,3.954,3.339,0.995,95.6,87,3890.81
2024-12-18,0.2061,4.712,3.395,0.882,87.8,81,3625.4
2024-12-19,0.197,4.903,3.137,0.91,81.1,75,3416.7
2024-12-20,0.197,3.802,3.534,1.078,74.4,74,3470.88
2024-12-21,0.1934,4.036,4.009,1.468,73.3,73,3337.6
2024-12-22,0.1893,4.365,3.729,1.048,72.2,73,3280.8
2024-12-23,0.1804,4.021,4.083,1.565,73.3,70,3420.74
2024-12-24,0.1713,3.448,4.387,1.956,73.3,73,3491.97
2024-12-25,0.1555,3.6,4.05,1.009,72.2,73,3495.72
2024-12-26,0.1609,4.401,3.961,0.447,66.7,79,3333.15
2024-12-27,0.1547,4.691,3.823,2.833,71.1,74,3332.09
2024-12-28,0.1577,4.014,3.635,1.143,73.3,72,3402.54
2024-12-29,0.1529,4.16,4.008,1.164,72.2,73,3355.46
2024-12-30,0.1631,4.314,4.1,0.666,75.6,65,3360.11
2024-12-31,0.1708,4.644,4.085,1.229,73.3,64,3336.57
2025-01-01,0.1885,4.734,3.935,0.407,76.7,66,3359.36
2025-01-02,0.1922,3.525,3.881,1.091,78.9,70,3454.83
2025-01-03,0.1984,2.872,3.657,1.544,90.0,74,3607.89
2025-01-04,0.1991,2.667,4.121,0.557,90.0,73,3655.99
2025-01-05,0.2085,2.801,4.264,1.008,87.8,72,3634.96
2025-01-06,0.2085,2.853,4.409,1.18,86.7,76,3685.72
2025-01-07,0.21,4.711,4.359,1.639,73.3,78,3379.38
2025-01-08,0.2097,4.864,4.371,0.379,70.0,70,3325.38
2025-01-09,0.2063,4.992,4.297,2.486,63.3,69,3218.24
2025-01-10,0.2,4.845,4.427,0.945,64.4,50,3265.52
2025-01-11,0.1922,4.569,4.304,0.977,67.8,69,3281.84
2025-01-12,0.1904,4.925,4.608,1.102,64.4,62,3265.7
2025-01-13,0.1831,5.174,4.106,1.247,48.9,61,3136.14
2025-01-14,0.1736,4.291,4.445,0.708,45.6,63,3223.99
2025-01-15,0.1598,3.264,4.543,2.104,60.0,70,3449.8
2025-01-16,0.1568,4.684,4.846,2.226,51.1,75,3306.94
2025-01-17,0.1631,3.602,4.749,0.313,68.9,75,3472.38
2025-01-18,0.1709,5.709,4.979,0.616,63.3,77,3306.7
2025-01-19,0.1727,6.098,5.553,0.867,52.2,77,3214.15
2025-01-20,0.18,5.652,5.9,1.556,50.0,76,3283.2
2025-01-21,0.1895,4.747,5.723,1.211,52.2,76,3326.72
2025-01-22,0.2036,5.962,5.597,0.319,50.0,84,3242.0
2025-01-23,0.21,4.351,5.298,1.13,67.8,75,3337.88
2025-01-24,0.21,4.039,5.172,1.074,54.4,75,3308.62
2025-01-25,0.2024,4.172,4.918,0.449,53.3,75,3317.91
2025-01-26,0.1956,5.162,4.853,0.755,38.9,73,3230.5
2025-01-27,0.1723,6.119,4.37,0.946,31.1,71,3180.99
2025-01-28,0.1623,5.749,4.446,1.992,30.0,72,3075.96
2025-01-29,0.1575,5.373,4.475,0.598,27.8,72,3112.55
2025-01-30,0.1469,3.565,4.226,0.31,35.6,70,3245.86
2025-01-31,0.1443,3.923,4.532,1.193,46.7,76,3299.5
2025-02-01,0.1436,5.711,4.863,0.471,27.8,68,3116.22
2025-02-02,0.1406,6.177,3.966,0.898,18.9,60,2868.05
2025-02-03,0.0953,4.118,3.755,1.441,13.3,44,2878.69
2025-02-04,0.0576,3.931,3.627,1.709,1.1,72,2730.03
2025-02-05,0.0274,3.132,3.416,1.406,1.1,54,2787.0
2025-02-06,0.0047,3.734,3.092,1.751,1.1,49,2685.25
2025-02-07,-0.0185,3.93,2.981,1.113,1.1,44,2620.66
2025-02-08,-0.0257,3.903,3.416,0.6,1.1,44,2630.99
2025-02-09,-0.0358,3.71,3.46,1.205,2.2,46,2626.07
2025-02-10,0.0161,3.248,3.186,1.534,4.4,43,2659.99
2025-02-11,0.0364,3.995,3.155,0.731,3.3,47,2601.03
2025-02-12,0.0592,3.19,3.205,1.112,6.7,46,2737.14
2025-02-13,0.0832,3.99,3.377,0.523,4.4,50,2674.52
2025-02-14,0.0953,2.685,3.491,1.262,7.8,48,2724.74
2025-02-15,0.0898,3.327,3.682,2.152,6.7,50,2691.73
2025-02-16,0.0933,3.687,3.404,1.757,4.4,54,2660.0
2025-02-17,0.0991,2.842,3.118,1.179,13.3,51,2743.0
2025-02-18,0.1053,4.159,3.117,1.783,13.3,47,2670.57
2025-02-19,0.1028,3.014,3.066,1.473,13.3,44,2714.06
2025-02-20,0.094,2.923,3.181,1.051,16.7,49,2736.87
2025-02-21,0.0922,4.118,3.391,0.809,17.8,55,2660.85
2025-02-22,0.0883,2.389,3.026,1.481,21.1,49,2762.01
2025-02-23,0.0885,1.904,2.886,1.899,23.3,50,2818.54
2025-02-24,0.0804,4.415,3.291,1.139,16.7,49,2512.27
2025-02-25,0.0716,3.975,2.931,0.35,12.2,25,2494.45
2025-02-26,0.0675,4.51,3.229,1.045,1.1,21,2335.33
2025-02-27,0.0793,4.875,3.041,1.824,2.2,10,2306.66
2025-02-28,0.0714,4.088,3.046,1.187,1.1,16,2236.59
2025-03-01,0.069,4.048,2.847,2.916,2.2,20,2216.6
2025-03-02,0.0708,3.094,3.298,2.231,17.8,26,2517.12
2025-03-03,0.0626,5.561,3.181,0.545,1.1,33,2148.22
2025-03-04,0.0549,4.31,2.843,1.533,1.1,15,2170.51
2025-03-05,0.0596,3.724,2.873,0.566,3.3,20,2240.45
2025-03-06,0.0388,3.916,3.058,0.775,3.3,25,2201.34
2025-03-07,0.0383,5.061,2.988,1.263,2.2,34,2140.72
2025-03-08,0.0492,3.309,2.876,1.726,8.9,28,2202.84
2025-03-09,0.0442,4.904,2.406,1.42,1.1,27,2019.2
2025-03-10,0.043,5.123,2.648,0.747,1.1,20,1864.51
2025-03-11,0.0566,3.614,2.807,1.159,1.1,24,1922.61
2025-03-12,0.0398,4.299,2.749,1.728,3.3,34,1907.24
2025-03-13,0.0442,4.547,2.852,1.226,3.3,45,1863.76
2025-03-14,0.0541,3.018,2.752,0.562,5.6,27,1910.79
2025-03-15,0.05,3.143,2.693,1.986,6.7,46,1936.27
2025-03-16,0.0312,3.789,2.842,1.608,4.4,30,1885.97
2025-03-17,0.0408,2.781,2.571,0.405,11.1,32,1925.37
2025-03-18,0.046,3.608,2.8,1.177,12.2,34,1930.64
2025-03-19,0.0683,2.231,2.278,0.6,23.3,32,2055.21
2025-03-20,0.0602,3.393,2.728,1.774,15.6,49,1982.72
2025-03-21,0.0588,3.395,2.795,1.089,16.7,31,1964.81
2025-03-22,0.0477,2.877,2.785,1.356,18.9,32,1979.56
2025-03-23,0.0634,3.036,2.73,1.311,22.2,30,2005.0
2025-03-24,0.0632,1.988,2.687,1.963,33.3,45,2080.41
2025-03-25,0.06,2.603,2.868,0.963,25.6,46,2065.22
2025-03-26,0.0402,3.443,2.641,3.037,25.6,47,2008.69
2025-03-27,0.0563,3.348,2.713,1.696,24.4,40,2002.8
2025-03-28,0.0442,4.31,2.231,0.918,15.6,44,1896.02
2025-03-29,0.054,4.21,2.23,2.017,8.9,26,1827.32
2025-03-30,0.0449,4.341,2.262,1.962,7.8,32,1806.99
2025-03-31,0.038,3.778,2.166,0.647,11.1,34,1821.59
2025-04-01,0.0358,2.587,2.185,0.409,18.9,34,1904.21
2025-04-02,0.0419,3.878,2.332,0.814,7.8,44,1794.1
2025-04-03,0.0319,3.879,2.312,0.498,21.1,25,1816.48
2025-04-04,0.0377,3.366,2.262,1.625,16.7,28,1815.97
2025-04-05,0.0368,4.098,2.441,2.054,10.0,30,1805.15
2025-04-06,0.0441,4.746,2.187,0.85,1.1,34,1579.98
2025-04-07,0.0315,3.164,1.974,0.802,1.1,23,1552.44
2025-04-08,0.0253,3.549,1.827,0.73,1.1,24,1472.67
2025-04-09,0.0076,1.945,1.948,1.406,4.4,18,1668.69
2025-04-10,0.0154,3.28,2.087,0.376,1.1,39,1521.57
2025-04-11,-0.0002,2.623,1.908,1.835,4.4,25,1565.96
2025-04-12,-0.0033,2.132,1.962,0.458,7.8,43,1643.6
2025-04-13,0.0095,2.698,2.125,1.663,6.7,45,1596.92
2025-04-14,0.0364,2.665,2.0,1.888,7.8,31,1623.02
2025-04-15,0.0418,2.735,1.997,0.659,5.6,38,1588.0
2025-04-16,0.0504,2.986,1.985,1.133,4.4,29,1576.58
2025-04-17,0.0454,2.695,1.943,2.942,4.4,30,1582.84
2025-04-18,0.0507,2.689,1.897,2.874,5.6,33,1587.91
2025-04-19,0.06,2.283,1.956,2.066,13.3,32,1612.44
2025-04-20,0.05,3.08,1.974,1.128,11.1,37,1586.56
2025-04-21,0.0492,3.616,2.004,1.782,15.6,39,1578.64
2025-04-22,0.049,1.745,1.854,0.992,53.3,47,1755.57
2025-04-23,0.0765,1.706,2.109,1.563,55.6,72,1794.46
2025-04-24,0.0865,2.025,2.063,0.647,52.2,63,1768.8
2025-04-25,0.1011,1.797,1.738,2.161,50.0,60,1783.77
2025-04-26,0.086,1.737,1.716,1.924,56.7,65,1820.0
2025-04-27,0.073,2.025,1.715,0.949,44.4,61,1790.21
2025-04-28,0.0418,2.233,2.029,0.866,41.1,54,1799.22
2025-04-29,0.05,2.082,1.823,1.06,35.6,60,1796.57
2025-04-30,0.0111,2.423,1.947,0.857,38.9,56,1792.71
2025-05-01,0.0039,1.523,1.706,1.991,63.3,53,1837.19
2025-05-02,-0.0158,1.712,1.822,1.396,62.2,67,1841.22
2025-05-03,-0.0058,1.916,1.81,0.618,41.1,65,1832.55
2025-05-04,0.0064,2.176,1.859,1.593,34.4,64,1807.87
2025-05-05,0.0231,1.965,1.79,0.849,35.6,52,1819.43
2025-05-06,0.0119,2.362,1.927,0.59,24.4,59,1816.22
2025-05-07,0.0356,2.132,2.173,1.683,42.2,67,1810.14
2025-05-08,0.0482,1.693,1.953,1.487,98.9,65,2206.54
2025-05-09,0.0852,1.947,2.945,1.415,98.9,73,2344.3
2025-05-10,0.1054,1.75,2.747,0.979,100.0,70,2581.91
2025-05-11,0.1179,1.857,2.934,1.057,98.9,70,2513.48
2025-05-12,0.1373,2.01,2.891,0.647,98.9,70,2494.16
2025-05-13,0.1621,1.547,2.855,1.945,100.0,70,2678.59
2025-05-14,0.1711,1.939,3.068,1.614,97.8,73,2608.74
2025-05-15,0.1736,2.166,3.051,0.655,96.7,70,2547.75
2025-05-16,0.1676,1.966,3.002,0.633,97.8,71,2535.72
2025-05-17,0.1418,2.453,2.593,0.99,91.1,74,2474.09
2025-05-18,0.1324,2.722,2.413,2.39,86.7,74,2496.98
2025-05-19,0.1203,1.828,2.736,0.522,91.1,74,2526.87
2025-05-20,0.1101,2.124,2.738,0.435,87.8,71,2523.09
2025-05-21,0.1035,2.346,2.703,0.74,87.8,70,2550.26
2025-05-22,0.099,1.781,2.709,0.666,96.7,72,2663.72
2025-05-23,0.0942,2.577,2.8,0.665,87.8,78,2525.39
2025-05-24,0.1074,2.626,2.659,0.766,88.9,66,2529.27
2025-05-25,0.1153,2.523,2.667,1.907,85.6,74,2550.03
2025-05-26,0.1176,2.28,2.7,1.685,85.6,73,2562.43
2025-05-27,0.1257,1.252,2.686,0.811,100.0,74,2659.84
2025-05-28,0.142,1.656,2.97,1.313,100.0,71,2680.4
2025-05-29,0.1492,2.074,3.174,1.732,97.8,74,2630.3
2025-05-30,0.1531,2.346,3.207,1.266,94.4,60,2529.63
2025-05-31,0.1511,2.121,3.222,0.913,94.4,50,2527.08
2025-06-01,0.1477,2.237,3.174,0.604,93.3,56,2537.89
2025-06-02,0.1501,1.74,2.648,0.891,96.7,64,2606.48
2025-06-03,0.1408,1.788,2.968,1.342,94.4,64,2592.16
2025-06-04,0.1307,1.791,2.634,0.625,96.7,62,2606.62
2025-06-05,0.1196,2.852,3.123,1.525,83.3,57,2412.9
2025-06-06,0.1006,1.925,2.872,0.499,87.8,45,2475.38
2025-06-07,0.1074,1.884,2.989,1.534,92.2,52,2523.4
2025-06-08,0.1168,1.965,3.08,0.848,88.9,62,2508.32
2025-06-09,0.114,1.476,2.995,0.97,98.9,62,2679.12
2025-06-10,0.1293,1.2,2.9,0.767,100.0,71,2815.74
2025-06-11,0.1394,1.355,2.985,1.175,98.9,72,2770.34
2025-06-12,0.1435,1.937,3.07,0.327,97.8,71,2641.38
2025-06-13,0.1389,2.09,3.019,0.518,87.8,61,2578.09
2025-06-14,0.125,2.248,3.223,1.154,84.4,63,2529.66
2025-06-15,0.1182,2.144,3.25,0.929,87.8,60,2546.32
2025-06-16,0.123,1.859,2.894,0.57,90.0,61,2543.12
2025-06-17,0.1076,2.597,3.543,0.448,85.6,68,2508.99
2025-06-18,0.0926,2.306,3.364,1.47,84.4,52,2523.49
2025-06-19,0.0863,2.295,3.335,0.856,92.2,57,2520.18
2025-06-20,0.1063,3.118,2.94,0.876,87.8,54,2405.42
2025-06-21,0.098,2.817,3.154,0.879,66.7,49,2294.63
2025-06-22,0.0828,2.503,3.184,0.853,62.2,42,2226.33
2025-06-23,0.0662,1.725,3.099,0.614,70.0,47,2410.39
2025-06-24,0.0553,1.467,2.878,0.847,76.7,65,2447.58
2025-06-25,0.0407,1.785,3.068,2.13,68.9,66,2417.28
2025-06-26,0.0373,1.845,3.347,0.75,64.4,74,2414.54
2025-06-27,0.0241,1.888,3.297,1.248,70.0,65,2422.06
2025-06-28,0.0385,1.879,3.147,1.443,70.0,65,2434.8
2025-06-29,0.0514,1.649,3.313,0.873,72.2,68,2499.25
2025-06-30,0.065,1.47,3.265,0.882,77.8,66,2484.3
2025-07-01,0.0695,2.356,3.223,0.818,74.4,64,2403.65
2025-07-02,0.0812,1.085,2.923,0.686,96.7,63,2569.37
2025-07-03,0.0937,1.265,2.865,1.134,95.6,73,2590.17
2025-07-04,0.098,2.091,3.217,1.9,85.6,73,2506.86
2025-07-05,0.0958,1.785,3.228,0.557,86.7,67,2515.25
2025-07-06,0.0994,1.49,3.251,1.807,92.2,66,2569.14
2025-07-07,0.1018,1.823,3.35,1.181,90.0,73,2541.37
2025-07-08,0.1103,1.158,2.909,0.561,97.8,65,2613.97
2025-07-09,0.1162,0.906,2.832,0.356,98.9,66,2767.7
2025-07-10,0.108,1.073,3.293,2.279,100.0,71,2950.62
2025-07-11,0.1273,1.249,3.391,0.483,95.6,71,2956.93
2025-07-12,0.1382,1.244,3.318,0.898,94.4,79,2941.87
2025-07-13,0.1354,1.25,3.146,1.08,94.4,74,2970.37
2025-07-14,0.1394,1.416,2.5,0.689,96.7,74,3012.26
2025-07-15,0.1487,1.096,2.392,0.682,100.0,73,3137.62
2025-07-16,0.1607,1.095,2.575,0.743,100.0,70,3370.55
2025-07-17,0.1747,1.132,2.931,0.641,98.9,74,3476.65
2025-07-18,0.1747,1.363,3.288,0.899,98.9,73,3546.36
2025-07-19,0.1829,1.244,3.098,0.684,100.0,74,3591.31
2025-07-20,0.1971,1.24,2.59,0.713,100.0,72,3755.67
2025-07-21,0.2061,1.414,2.418,1.238,100.0,71,3760.96
2025-07-22,0.21,1.527,3.251,0.658,97.8,72,3746.01
2025-07-23,0.21,1.716,3.464,0.69,96.7,74,3627.49
2025-07-24,0.21,1.34,3.265,1.582,96.7,71,3706.2
2025-07-25,0.21,1.342,3.491,0.394,94.4,70,3724.17
2025-07-26,0.21,1.25,3.366,0.795,93.3,72,3740.0
2025-07-27,0.2082,1.093,3.105,1.502,97.8,73,3871.47
2025-07-28,0.2082,1.454,3.063,0.765,96.7,75,3796.0
2025-07-29,0.2027,1.49,3.131,2.33,96.7,73,3791.55
2025-07-30,0.1818,1.409,3.222,0.698,93.3,74,3808.67
2025-07-31,0.1658,1.659,3.201,0.974,91.1,72,3696.58
2025-08-01,0.138,2.115,3.202,1.647,84.4,65,3486.42
2025-08-02,0.1224,1.948,3.246,0.625,81.1,55,3392.42
2025-08-03,0.1105,1.925,2.978,0.954,82.2,53,3495.0
2025-08-04,0.0869,1.475,3.03,1.734,86.7,64,3719.42
2025-08-05,0.0671,1.822,3.429,0.385,78.9,60,3610.19
2025-08-06,0.0748,1.357,3.173,1.125,84.4,54,3681.21
2025-08-07,0.0813,1.001,3.051,1.125,96.7,62,3908.4
2025-08-08,0.1034,0.819,3.154,0.83,100.0,74,4009.05
2025-08-09,0.119,0.907,2.956,2.736,100.0,67,4259.1
2025-08-10,0.1326,1.002,3.231,0.811,98.9,69,4248.77
2025-08-11,0.1544,0.965,3.362,1.096,97.8,70,4221.31
2025-08-12,0.1734,0.85,3.179,0.553,100.0,68,4589.31
2025-08-13,0.1866,0.946,3.386,1.209,100.0,73,4748.37
2025-08-14,0.1961,1.175,3.885,0.427,97.8,75,4545.26
2025-08-15,0.198,1.496,3.81,0.889,95.6,60,4437.16
2025-08-16,0.185,1.527,3.121,0.516,96.7,56,4420.22
2025-08-17,0.1644,1.468,2.905,0.502,96.7,64,4470.66
2025-08-18,0.1549,1.668,3.567,1.606,92.2,60,4311.73
2025-08-19,0.1613,2.118,3.907,0.46,91.1,56,4073.94
2025-08-20,0.1507,1.541,3.838,0.525,94.4,44,4334.5
2025-08-21,0.1354,1.89,4.023,1.946,87.8,50,4223.7
2025-08-22,0.1282,1.025,3.69,0.539,100.0,50,4830.37
2025-08-23,0.1413,1.078,4.083,1.222,98.9,60,4777.26
2025-08-24,0.162,1.083,3.754,0.437,96.7,53,4778.32
2025-08-25,0.1544,1.856,3.717,1.144,87.8,47,4374.25
2025-08-26,0.1258,1.512,3.362,1.908,90.0,48,4598.49
2025-08-27,0.1117,1.505,3.617,1.053,81.1,51,4504.84
2025-08-28,0.1077,1.895,3.481,1.063,81.1,48,4509.1
2025-08-29,0.0969,2.08,3.277,0.472,76.7,50,4358.65
2025-08-30,0.074,2.006,3.29,1.279,75.6,39,4372.0
2025-08-31,0.047,1.693,3.243,1.232,74.4,48,4389.58
2025-09-01,0.0324,2.145,3.231,0.888,73.3,46,4313.0
2025-09-02,0.04,2.213,3.359,1.85,72.2,49,4324.59
2025-09-03,0.0396,1.356,2.958,1.906,77.8,55,4448.22
2025-09-04,0.0266,2.51,3.112,0.734,70.0,51,4295.68
2025-09-05,0.0123,2.452,3.093,1.682,67.8,48,4305.71
2025-09-06,0.0111,2.517,3.103,0.985,68.9,48,4271.69
2025-09-07,0.0263,2.499,3.092,0.626,68.9,44,4303.84
2025-09-08,0.0433,2.484,3.471,1.578,70.0,51,4303.98
2025-09-09,0.0557,2.762,3.348,0.734,75.6,48,4308.4
2025-09-10,0.0758,2.26,3.652,0.814,65.6,49,4347.83
2025-09-11,0.0979,1.554,3.443,0.909,78.9,54,4456.86
2025-09-12,0.1289,1.312,3.336,1.15,93.3,57,4710.83
2025-09-13,0.1528,1.487,3.504,1.319,84.4,52,4664.74
2025-09-14,0.1488,1.549,3.65,1.616,81.1,55,4602.0
2025-09-15,0.1526,2.085,3.826,1.213,73.3,53,4521.54
2025-09-16,0.1424,2.337,3.73,1.194,66.7,52,4499.41
2025-09-17,0.1296,2.037,3.8,0.482,72.2,53,4588.3
2025-09-18,0.1211,1.799,3.669,1.495,66.7,52,4585.31
2025-09-19,0.0968,2.476,2.791,1.384,78.9,53,4466.49
2025-09-20,0.0662,2.372,2.738,1.091,73.3,48,4478.27
2025-09-21,0.0575,2.435,2.622,0.731,74.4,49,4443.01
2025-09-22,0.0379,2.396,3.175,0.393,46.7,45,4196.86
2025-09-23,0.03,2.496,2.918,0.718,43.3,43,4162.25
2025-09-24,0.0159,2.608,2.404,1.322,46.7,44,4150.51
2025-09-25,-0.0022,2.68,3.364,0.845,37.8,44,3873.1
2025-09-26,0.0142,2.216,2.746,1.272,36.7,28,4030.17
2025-09-27,0.0277,2.23,2.87,1.877,35.6,33,4017.01
2025-09-28,0.0427,2.213,2.952,0.94,43.3,37,4139.55
2025-09-29,0.0486,1.836,2.867,0.562,36.7,50,4212.98
2025-09-30,0.0454,2.104,2.778,1.525,30.0,50,4142.75
2025-10-01,0.0476,1.652,2.324,1.545,48.9,49,4345.85
2025-10-02,0.0626,1.571,2.291,3.141,67.8,64,4481.7
2025-10-03,0.0605,1.571,2.292,1.644,65.6,63,4511.11
2025-10-04,0.0588,1.553,2.237,0.922,64.4,71,4484.79
2025-10-05,0.0639,1.591,2.103,0.702,73.3,74,4512.34
2025-10-06,0.0879,1.285,2.097,0.549,87.8,71,4682.43
2025-10-07,0.1178,1.77,2.26,0.815,52.2,70,4445.76
2025-10-08,0.1261,1.727,2.188,0.935,52.2,60,4523.67
2025-10-09,0.127,2.079,2.234,1.389,41.1,70,4365.83
2025-10-10,0.1121,2.201,2.875,1.076,1.1,64,3819.99
2025-10-11,0.0977,2.376,2.511,0.76,1.1,27,3744.99
2025-10-12,0.0616,2.144,2.546,1.086,3.3,24,4149.99
2025-10-13,0.0415,1.756,2.852,1.311,4.4,38,4239.7
2025-10-14,0.0202,2.088,2.721,0.656,3.3,38,4123.05
2025-10-15,0.0198,2.55,2.463,0.966,4.4,34,3983.81
2025-10-16,0.0115,2.91,2.397,1.349,3.3,28,3892.02
2025-10-17,0.0236,2.536,2.651,0.515,3.3,22,3829.99
2025-10-18,0.0359,2.356,2.518,0.963,5.6,23,3887.01
2025-10-19,0.0584,2.289,2.176,1.638,11.1,29,3980.59
2025-10-20,0.0644,2.471,2.664,0.734,8.9,29,3977.54
2025-10-21,0.0671,2.472,2.372,1.217,5.6,34,3871.11
2025-10-22,0.061,3.195,2.78,0.878,7.8,25,3803.93
2025-10-23,0.07,2.877,2.726,0.701,5.6,27,3855.21
2025-10-24,0.0714,2.474,2.988,0.533,12.2,30,3933.19
2025-10-25,0.0716,2.318,2.95,1.315,14.4,37,3952.25
2025-10-26,0.0819,1.697,2.745,0.613,18.9,40,4156.37
2025-10-27,0.0958,1.701,3.195,0.716,20.0,51,4118.47
2025-10-28,0.0949,2.499,3.002,0.782,18.9,50,3977.56
2025-10-29,0.0905,2.927,2.774,1.458,16.7,51,3900.38
2025-10-30,0.0686,3.654,2.737,1.593,17.8,34,3802.8
2025-10-31,0.0649,2.851,2.807,0.561,16.7,29,3846.42
2025-11-01,0.0795,2.75,2.808,1.115,23.3,33,3872.14
2025-11-02,0.0766,2.742,2.677,0.978,24.4,37,3904.8
2025-11-03,0.0606,3.499,2.571,1.363,24.4,42,3602.15
2025-11-04,0.072,3.245,3.035,2.483,3.3,21,3285.28
2025-11-05,0.0804,2.543,2.547,0.659,5.6,23,3423.06
2025-11-06,0.1024,2.67,2.713,0.792,8.9,27,3313.7
2025-11-07,0.1134,2.38,2.804,1.068,18.9,24,3434.36
2025-11-08,0.1122,2.53,2.941,0.333,15.6,20,3400.07
2025-11-09,0.1055,2.134,2.806,1.315,26.7,22,3581.31
2025-11-10,0.1142,2.216,2.932,0.791,32.2,29,3566.38
2025-11-11,0.0957,2.511,2.718,0.952,10.0,26,3416.32
2025-11-12,0.0963,2.649,2.455,1.261,18.9,24,3413.46
2025-11-13,0.1056,3.59,2.719,0.718,20.0,15,3230.12
2025-11-14,0.0961,3.243,2.737,0.746,2.2,16,3111.2
2025-11-15,0.0875,3.117,2.852,0.802,10.0,10,3166.55
2025-11-16,0.1028,3.429,2.718,1.544,8.9,10,3094.05
2025-11-17,0.1082,3.698,3.214,1.237,27.8,14,3030.06
2025-11-18,0.13,2.451,3.308,1.249,35.6,11,3122.2
2025-11-19,0.1432,3.747,3.395,1.305,37.8,15,3024.09
2025-11-20,0.1456,4.102,3.045,0.967,16.7,11,2832.97
2025-11-21,0.1452,2.863,2.268,1.435,1.1,14,2764.69
2025-11-22,0.1448,2.616,2.78,1.809,2.2,11,2769.06
2025-11-23,0.1206,2.706,2.423,0.901,2.2,13,2800.73
2025-11-24,0.1071,1.824,2.648,0.141,8.9,19,2952.19
2025-11-25,0.0903,2.049,2.877,0.828,7.8,20,2958.24
2025-11-26,0.0761,1.64,2.885,1.052,27.8,15,3025.02
2025-11-27,0.0594,1.968,3.062,1.748,12.2,22,3013.8
2025-11-28,0.0503,1.945,2.941,0.886,24.4,25,3029.8
2025-11-29,0.0395,2.12,2.914,1.031,22.2,28,2987.96
2025-11-30,0.0517,1.99,2.921,0.51,12.2,28,2990.02
2025-12-01,0.0497,2.563,3.112,0.952,8.9,24,2797.47
2025-12-02,0.0582,1.667,2.972,0.486,34.4,23,2994.63
2025-12-03,0.0633,1.678,2.729,1.127,57.8,28,3187.07
2025-12-04,0.0842,1.563,3.155,1.245,57.8,26,3132.01
2025-12-05,0.0996,2.008,3.251,0.862,58.9,28,3020.38
2025-12-06,0.1048,1.962,3.027,1.627,57.8,23,3036.53
2025-12-07,0.0934,2.097,2.884,1.409,43.3,20,3058.14
2025-12-08,0.097,1.864,2.848,0.487,48.9,20,3123.14
2025-12-09,0.0957,1.161,2.769,0.956,67.8,22,3316.49
2025-12-10,0.1058,1.199,2.823,1.049,67.8,26,3322.79
2025-12-11,0.0895,1.717,3.053,1.207,64.4,29,3235.77
2025-12-12,0.0752,2.672,2.985,1.026,61.1,29,3083.34
2025-12-13,0.0691,2.235,2.883,1.618,62.2,23,3113.01
2025-12-14,0.0863,2.138,2.797,1.139,65.6,21,3062.02
2025-12-15,0.0837,2.966,2.63,0.65,64.4,16,2963.25
2025-12-16,0.0681,2.591,2.66,1.205,37.8,11,2960.84
2025-12-17,0.0514,3.03,2.731,0.734,13.3,16,2832.0
2025-12-18,0.0426,2.609,2.685,1.428,12.2,17,2827.3
2025-12-19,0.0621,1.35,2.491,0.819,61.1,16,2978.33
2025-12-20,0.0649,1.466,2.63,1.55,60.0,20,2976.54
2025-12-21,0.0499,1.509,2.647,1.348,55.6,20,3000.62
2025-12-22,0.0359,1.928,2.709,1.071,48.9,25,3008.49
2025-12-23,0.0494,2.125,2.568,0.78,71.1,24,2963.29
2025-12-24,0.0596,2.098,2.669,0.572,66.7,24,2946.23
2025-12-25,0.0769,2.369,2.678,1.869,64.4,23,2902.32
2025-12-26,0.0696,2.713,2.634,1.834,78.9,20,2926.82
2025-12-27,0.0765,2.452,2.674,0.971,74.4,23,2947.61
2025-12-28,0.088,2.252,2.658,0.848,72.2,24,2949.6
2025-12-29,0.1098,2.812,2.77,1.436,76.7,24,2936.45
2025-12-30,0.109,1.972,2.861,2.313,72.2,23,2972.22
2025-12-31,0.1045,2.056,2.839,0.63,70.0,21,2970.4
2026-01-01,0.1045,1.852,2.809,0.577,87.8,20,3002.49
2026-01-02,0.1077,1.266,2.326,1.035,94.4,28,3123.89
2026-01-03,0.1079,1.427,2.378,1.109,94.4,29,3125.47
2026-01-04,0.1051,1.411,2.354,1.437,94.4,25,3143.32
2026-01-05,0.0995,1.379,2.308,0.773,95.6,26,3223.71
2026-01-06,0.1063,1.387,2.452,0.862,94.4,44,3295.46
2026-01-07,0.1152,2.091,2.822,1.731,98.9,42,3167.52
2026-01-08,0.1117,2.355,2.714,0.455,92.2,28,3105.45
2026-01-09,0.1096,2.589,2.654,0.871,93.3,27,3087.15
2026-01-10,0.122,2.574,2.655,0.883,93.3,25,3085.47
2026-01-11,0.1292,2.341,2.723,1.12,93.3,29,3122.0
2026-01-12,0.1354,2.637,2.747,1.108,90.0,27,3093.84
2026-01-13,0.1327,1.317,2.532,1.424,100.0,26,3324.69
2026-01-14,0.1423,1.231,2.681,1.3,98.9,48,3353.27
2026-01-15,0.1432,1.509,2.475,0.785,97.8,61,3317.0
2026-01-16,0.1369,1.539,2.761,2.099,96.7,49,3294.77
2026-01-17,0.1351,1.431,2.481,0.625,97.8,50,3308.87
2026-01-18,0.1204,1.505,2.493,0.63,96.7,49,3282.77
2026-01-19,0.1058,2.082,2.774,1.141,93.3,44,3188.01
2026-01-20,0.1052,2.914,2.433,2.017,81.1,32,2938.24
2026-01-21,0.0791,2.796,2.262,1.232,76.7,24,2980.66
2026-01-22,0.0702,3.451,2.201,0.328,78.9,20,2951.21
2026-01-23,0.0702,3.085,2.201,1.31,75.6,24,2955.08
2026-01-24,0.0538,2.996,2.169,0.926,75.6,25,2952.09
2026-01-25,0.0611,3.577,2.046,1.362,70.0,25,2815.49
2026-01-26,0.0499,2.395,1.897,0.51,72.2,20,2928.9
2026-01-27,0.0593,2.019,2.024,0.498,81.1,29,3024.92
2026-01-28,0.0799,2.084,2.037,0.46,78.9,29,3009.36
2026-01-29,0.0807,3.275,2.087,0.857,68.9,26,2821.0
2026-01-30,0.0712,3.364,2.123,0.621,65.6,16,2705.66
2026-01-31,0.051,2.776,1.902,1.466,1.1,20,2450.38
2026-02-01,0.0138,2.695,1.782,1.104,1.1,14,2269.04
2026-02-02,-0.0149,2.578,1.809,1.033,2.2,14,2345.55
2026-02-03,-0.0587,2.82,1.709,1.264,2.2,17,2232.23
2026-02-04,-0.0879,2.972,1.707,0.827,1.1,14,2147.01
2026-02-05,-0.0984,2.666,1.412,0.554,1.1,12,1824.95
2026-02-06,-0.1328,2.065,2.124,1.41,2.2,9,2062.54
2026-02-07,-0.1073,1.734,2.057,1.222,2.2,6,2085.93
2026-02-08,-0.0907,1.959,2.082,1.014,2.2,7,2088.6
2026-02-09,-0.0655,1.582,2.025,0.938,3.3,14,2103.96
2026-02-10,-0.0775,2.345,1.528,1.055,2.2,9,2021.51
2026-02-11,-0.1048,2.424,1.555,0.87,1.1,11,1940.07
2026-02-12,-0.1064,2.632,1.485,0.868,2.2,5,1947.15
2026-02-13,-0.0813,1.817,1.519,0.853,5.6,9,2047.6
2026-02-14,-0.0935,2.027,1.502,0.496,6.7,9,2085.43
2026-02-15,-0.0955,2.767,1.727,1.828,4.4,8,1965.47
2026-02-16,-0.101,2.551,1.761,1.126,5.6,12,1997.35
2026-02-17,-0.0692,2.311,1.644,1.797,7.8,10,1990.68
2026-02-18,-0.039,3.08,1.67,1.213,4.4,8,1954.77
2026-02-19,-0.056,2.948,1.566,1.108,7.8,9,1948.15
2026-02-20,-0.0617,2.43,1.486,1.863,3.3,7,1967.85
2026-02-21,-0.0467,2.115,1.569,1.155,7.8,8,1972.54
2026-02-22,-0.038,2.813,1.605,2.649,2.2,9,1957.01
2026-02-23,-0.0614,2.698,1.459,0.603,1.1,5,1855.47
2026-02-24,-0.0677,2.259,1.393,0.826,3.3,8,1851.09
2026-02-25,-0.0563,1.415,1.328,1.641,18.9,11,2056.5
2026-02-26,-0.0257,1.803,1.571,2.331,18.9,11,2026.71
2026-02-27,-0.02,2.707,1.504,3.522,11.1,13,1928.5
2026-02-28,-0.0598,2.28,1.361,0.709,14.4,11,1963.48
2026-03-01,-0.0539,2.153,1.386,1.207,15.6,14,1938.57
2026-03-02,-0.0344,1.323,1.254,0.687,25.6,10,2026.69
2026-03-03,-0.037,2.164,1.273,0.54,23.3,14,1981.85
2026-03-04,-0.0457,1.139,1.177,0.798,34.4,10,2125.98
2026-03-05,-0.0585,1.629,1.229,1.242,27.8,22,2072.18
2026-03-06,-0.0571,2.381,1.22,0.839,24.4,18,1977.66
2026-03-07,-0.0398,2.362,1.237,0.909,24.4,12,1968.39
2026-03-08,-0.0677,2.553,1.207,1.106,25.6,12,1935.97
2026-03-09,-0.0635,1.738,1.246,0.793,30.0,8,1992.28
2026-03-10,-0.0441,1.762,1.204,1.786,35.6,13,2035.39
2026-03-11,-0.0407,1.416,1.187,0.905,38.9,15,2050.99
2026-03-12,-0.0445,1.273,1.152,0.853,42.2,18,2072.6
2026-03-13,-0.0323,1.596,1.252,0.887,41.1,15,2091.01
2026-03-14,-0.0279,1.82,1.196,1.219,38.9,16,2095.27
2026-03-15,-0.0067,1.31,1.281,1.064,47.8,15,2177.73
2026-03-16,0.0325,0.934,1.408,0.728,52.2,23,2351.66
2026-03-17,0.0265,1.037,1.213,1.303,50.0,28,2316.45
2026-03-18,0.0254,1.739,1.099,0.611,50.0,26,2201.95
2026-03-19,0.0316,1.939,1.045,0.666,48.9,23,2136.56
2026-03-20,0.015,1.981,1.124,1.23,48.9,11,2145.08
2026-03-21,0.0243,2.109,1.081,0.686,45.6,12,2083.37
2026-03-22,0.0168,2.121,1.073,0.603,44.4,10,2052.85
2026-03-23,-0.008,1.711,1.122,1.264,47.8,8,2151.01
2026-03-24,-0.0117,1.96,1.128,0.636,51.1,11,2155.29
2026-03-25,-0.0132,1.609,1.094,1.127,52.2,14,2168.0
2026-03-26,-0.0151,2.653,1.167,1.337,46.7,10,2059.17
2026-03-27,-0.0262,2.56,1.118,0.633,44.4,13,1991.58
2026-03-28,-0.0448,2.391,1.096,1.226,41.1,12,1993.48
2026-03-29,-0.046,2.281,1.172,1.016,38.9,9,1983.44
2026-03-30,-0.0432,1.899,1.077,1.487,42.2,8,2025.69
2026-03-31,-0.0445,1.29,1.088,2.285,62.2,11,2104.49
2026-04-01,-0.0354,1.193,1.05,0.88,65.6,8,2138.8
2026-04-02,-0.062,1.657,1.021,0.772,48.9,12,2055.96
2026-04-03,-0.0418,1.845,1.049,2.612,50.0,9,2052.92
2026-04-04,-0.0232,1.815,1.044,1.483,51.1,11,2064.43
2026-04-05,-0.0159,1.619,1.07,0.509,56.7,12,2109.35
2026-04-06,-0.008,1.441,1.023,2.667,62.2,13,2106.14
2026-04-07,-0.0149,1.29,1.104,0.526,72.2,11,2239.14
2026-04-08,-0.0013,1.318,1.14,0.821,72.2,17,2188.87
2026-04-09,0.032,1.496,1.134,1.339,68.9,14,2188.92
2026-04-10,0.0364,1.138,1.011,0.783,75.6,16,2243.9
2026-04-11,0.0133,1.14,0.999,0.565,76.7,15,2283.85
2026-04-12,0.0138,1.805,1.062,1.452,66.7,16,2190.62
2026-04-13,0.0082,1.094,1.285,0.759,77.8,12,2368.8
2026-04-14,0.0376,1.306,1.397,0.502,77.8,21,2321.17
2026-04-15,0.0188,1.312,1.287,1.203,78.9,23,2358.87
2026-04-16,0.0044,1.518,1.307,0.956,74.4,23,2346.92
2026-04-17,0.0068,1.229,1.175,0.713,84.4,21,2417.66
2026-04-18,0.0059,1.771,1.104,0.233,77.8,26,2348.99
2026-04-19,-0.0381,2.107,1.08,1.402,74.4,27,2262.2
2026-04-20,-0.0447,1.888,1.136,0.925,73.3,29,2312.59
2026-04-21,-0.08,1.857,1.121,0.78,76.7,33,2326.13
2026-04-22,-0.068,1.176,1.373,0.672,88.9,32,2373.04
2026-04-23,-0.0554,1.927,1.287,0.793,64.4,46,2328.94
2026-04-24,-0.0817,2.035,1.237,0.783,64.4,39,2313.88
2026-04-25,-0.0742,2.031,1.175,1.241,68.9,31,2318.21
2026-04-26,-0.0353,1.579,1.083,1.094,76.7,33,2368.32
2026-04-27,-0.0558,2.305,1.186,1.811,63.3,47,2302.28
2026-04-28,-0.0718,2.072,1.205,1.11,56.7,33,2288.37
2026-04-29,-0.0752,2.354,1.323,0.866,57.8,26,2251.52
2026-04-30,-0.0956,2.092,1.196,1.106,57.8,29,2256.49
2026-05-01,-0.0809,1.588,1.176,0.764,54.4,26,2294.34
2026-05-02,-0.0746,1.584,1.172,0.705,63.3,39,2315.9
2026-05-03,-0.058,1.429,1.192,1.006,77.8,47,2321.67
2026-05-04,-0.0232,1.439,1.173,1.547,80.0,40,2346.11
2026-05-05,-0.0063,1.477,1.084,1.609,81.1,50,2359.47
2026-05-06,-0.0352,1.941,1.028,2.225,90.0,46,2349.7
2026-05-07,-0.0397,2.614,0.995,0.52,92.2,47,2289.91
2026-05-08,-0.0388,2.404,0.979,2.584,87.8,38,2306.17
2026-05-09,-0.0149,2.142,1.106,1.494,85.6,38,2325.22
2026-05-10,-0.0006,1.772,1.274,0.411,77.8,47,2370.21
2026-05-11,-0.0005,2.151,1.23,0.762,68.9,48,2338.61
2026-05-12,0.019,2.942,1.325,1.543,86.7,49,2273.62
2026-05-13,0.0425,3.16,1.268,1.386,86.7,42,2257.54
2026-05-14,0.0808,1.886,1.22,1.161,62.2,34,2282.06
2026-05-15,0.0891,2.896,1.357,1.328,84.4,43,2223.66
2026-05-16,0.0879,3.049,1.361,0.696,80.0,31,2179.66
2026-05-17,0.0803,2.98,1.394,1.058,58.9,27,2129.88
2026-05-18,0.0752,2.817,1.519,0.687,47.8,28,2128.99
2026-05-19,0.0859,2.861,1.425,0.746,51.1,25,2111.0
2026-05-20,0.0928,2.685,1.438,1.351,53.3,27,2128.6
2026-05-21,0.0896,2.544,1.408,1.54,52.2,29,2132.78
2026-05-22,0.1025,3.378,1.404,1.509,45.6,28,2064.98
2026-05-23,0.101,2.401,1.577,0.967,41.1,28,2116.82
2026-05-24,0.1039,2.449,1.495,0.961,28.9,25,2098.99
2026-05-25,0.1103,2.26,1.534,1.433,33.3,30,2111.64
2026-05-26,0.1016,3.056,1.531,0.624,44.4,34,2072.99
2026-05-27,0.1043,3.419,1.493,0.896,44.4,25,2023.7
2026-05-28,0.1,2.843,1.444,1.207,40.0,22,2008.92
2026-05-29,0.1082,2.81,1.493,2.096,20.0,23,2013.35
2026-05-30,0.1088,2.654,1.537,2.219,23.3,23,2021.58
2026-05-31,0.1068,3.042,1.528,2.119,26.7,28,2006.31
2026-06-01,0.1141,2.737,1.77,0.849,40.0,29,2006.0
2026-06-02,0.1291,3.215,1.806,1.465,7.8,23,1858.96
2026-06-03,0.1318,3.226,1.802,1.152,7.8,11,1812.46
2026-06-04,0.14,2.57,1.646,1.661,4.4,12,1769.86
2026-06-05,0.1119,2.623,1.336,1.772,1.1,12,1582.35
2026-06-06,0.0803,2.396,1.24,0.606,1.1,12,1568.6
2026-06-07,0.0457,2.402,1.238,1.054,2.2,12,1689.66
2026-06-08,0.0049,2.076,1.385,0.986,4.4,8,1689.21
2026-06-09,-0.0304,2.075,1.387,1.552,5.6,10,1638.64
2026-06-10,-0.0614,2.541,1.214,1.205,3.3,9,1620.72
2026-06-11,-0.0829,2.541,1.214,0.635,3.3,12,1672.57
2026-06-12,-0.0875,2.189,1.201,1.628,5.6,12,1665.48
2026-06-13,-0.0674,2.193,1.2,1.158,6.7,13,1680.41
2026-06-14,-0.0547,1.816,1.259,1.345,12.2,18,1724.74
2026-06-15,-0.0263,1.818,1.259,0.752,13.3,20,1795.16
2026-06-16,-0.0126,1.762,1.476,0.547,14.4,23,1792.32
2026-06-17,0.0039,1.757,1.475,0.91,15.6,22,1749.56
2026-06-18,0.0138,2.186,1.489,1.793,11.1,15,1710.18
2026-06-19,0.0288,2.19,1.488,1.141,11.1,14,1710.31
2026-06-20,0.0321,2.051,1.498,0.569,13.3,23,1740.0
2026-06-21,0.042,2.05,1.498,0.704,12.2,23,1706.31
2026-06-22,0.0395,2.345,1.474,1.657,11.1,20,1727.32
2026-06-23,0.0343,2.344,1.477,3.423,12.2,23,1666.4
2026-06-24,0.0365,2.617,1.35,1.117,1.1,17,1621.54
2026-06-25,0.0286,2.615,1.35,1.614,1.1,12,1566.97
2026-06-26,0.021,2.092,1.45,1.046,1.1,13,1577.86
2026-06-27,0.0151,2.093,1.45,1.4,2.2,15,1573.1
2026-06-28,0.0024,2.429,1.416,0.725,1.1,18,1571.1
2026-06-29,-0.002,2.422,1.416,0.814,1.1,12,1612.12
2026-06-30,0.0113,2.543,1.534,1.534,1.1,15,1571.47
2026-07-01,0.018,2.543,1.536,2.209,1.1,11,1608.87
2026-07-02,0.0356,1.546,1.399,1.812,26.7,19,1699.9
2026-07-03,0.0618,1.548,1.397,0.951,27.8,21,1757.41
2026-07-04,0.0814,1.636,1.432,0.656,34.4,22,1779.94
2026-07-05,0.1065,1.635,1.433,2.413,35.6,23,1785.07
2026-07-06,0.1243,1.67,1.445,1.207,36.7,24,1798.84
2026-07-07,0.1272,1.666,1.44,0.908,36.7,27,1770.67
2026-07-08,0.1227,2.055,1.47,1.458,26.7,20,1742.68
2026-07-09,0.1236,2.061,1.469,1.063,26.7,22,1744.25
2026-07-10,0.1112,1.721,1.42,1.022,36.7,23,1796.03
2026-07-11,0.1021,1.721,1.42,1.125,37.8,26,1786.7
2026-07-12,0.0881,1.652,1.423,1.737,43.3,26,1805.92
2026-07-13,0.0729,2.013,1.501,1.595,32.2,28,1776.0
2026-07-14,0.0686,1.516,1.196,1.437,66.7,22,1891.12
2026-07-15,0.0771,1.541,1.353,0.776,63.3,25,1916.91
2026-07-16,0.0758,1.956,1.418,1.188,45.6,25,1863.73
2026-07-17,0.0793,2.256,1.398,0.773,45.6,27,1841.08
2026-07-18,0.0753,2.311,1.353,1.71,47.8,25,1861.75
2026-07-19,0.0811,2.158,1.389,1.244,51.1,28,1871.49
2026-07-20,0.0838,1.89,1.382,1.091,52.2,29,1903.5
2026-07-21,0.0834,1.699,1.389,2.744,58.9,25,1929.29
2026-07-22,0.0748,1.718,1.361,1.527,68.9,33,1933.31
2026-07-23,0.0547,2.153,1.37,1.121,53.3,31,1877.42
2026-07-24,0.0429,2.396,1.388,0.981,52.2,28,1860.57
2026-07-25,0.0445,2.38,1.293,1.434,53.3,27,1873.92
2026-07-26,0.0365,1.96,1.312,1.344,77.8,26,1953.79
2026-07-27,0.0488,2.171,1.283,3.337,53.3,30,1891.44
2026-07-28,0.0391,2.124,1.256,1.024,57.8,29,1921.13
2026-07-29,0.0449,2.196,1.364,0.748,53.3,29,1909.68
2026-07-30,0.0615,1.999,1.276,0.707,62.2,28,1917.31
2026-07-31,0.0641,2.636,1.388,1.014,52.2,25,1861.68
2026-08-01,0.0678,2.624,1.426,1.755,46.7,27,1844.17
2026-08-02,0.0752,2.383,1.456,1.883,55.6,27,1884.37
2026-08-03,0.0682,2.355,1.476,1.873,56.7,28,1859.78
2026-08-04,0.0856,2.296,1.489,0.892,58.9,25,1868.9
2026-08-05,0.078,1.955,1.336,1.166,65.6,27,1907.95
2026-08-06,0.0699,2.005,1.265,1.312,58.9,25,1903.12
2026-08-07,0.0732,2.072,1.287,0.691,60.0,29,1913.07
2026-08-08,0.0683,2.042,1.316,0.347,65.6,30,1915.98
2026-08-09,0.0738,2.079,1.347,0.839,62.2,31,1909.57
2026-08-10,0.0707,2.613,1.362,0.975,72.2,30,1872.31
2026-08-11,0.0655,2.518,1.417,0.382,71.1,29,1881.8
2026-08-12,0.0813,2.439,1.34,1.83,63.3,27,1878.8
2026-08-13,0.0986,2.501,1.323,2.461,72.2,29,1885.39
2026-08-14,0.0932,2.598,1.375,1.843,71.1,29,1881.39
2026-08-15,0.0987,2.515,1.371,0.552,77.8,34,1881.73
2026-08-16,0.0888,2.67,1.38,1.548,76.7,34,1875.22
2026-08-17,0.0951,2.287,1.355,0.884,87.8,31,1912.7
2026-08-18,0.0935,2.246,1.355,0.61,88.9,41,1917.1
2026-08-19,0.0868,2.505,1.428,0.816,100.0,46,2252.16
2026-08-20,0.0971,2.222,1.623,0.551,100.0,62,2326.18
2026-08-21,0.1234,2.505,1.71,1.367,100.0,72,2515.97
2026-08-22,0.138,2.572,1.811,0.541,98.9,71,2421.4
2026-08-23,0.1625,2.564,1.789,1.026,98.9,66,2462.58
2026-08-24,0.1765,2.41,1.813,1.793,98.9,73,2481.03
2026-08-25,0.1887,2.443,1.801,1.668,96.7,74,2441.72
2026-08-26,0.1931,2.383,1.785,0.974,100.0,65,2505.66
2026-08-27,0.1804,2.247,1.833,0.707,96.7,71,2509.74
2026-08-28,0.1589,2.591,1.752,1.77,93.3,73,2441.9
2026-08-29,0.1394,2.575,1.677,0.361,93.3,68,2456.5
2026-08-30,0.1195,2.608,1.672,1.242,90.0,69,2415.55
2026-08-31,0.1031,2.297,1.593,1.059,93.3,62,2466.53
2026-09-01,0.095,2.729,1.546,1.072,88.9,69,2417.46
2026-09-02,0.0848,2.752,1.579,1.722,86.7,63,2390.91
2026-09-03,0.0936,2.233,1.652,1.536,93.3,65,2506.42
2026-09-04,0.0956,,,,,74,
